cluster_lat,cluster_lon,gap_poor,geometry,builtup_area,nightlights_intensity,road_density,healthcare_access
-17.0935306549072,35.2531394958496,16.549711644649506,POINT (35.2531394958496 -17.0935306549072),3.7539770625231226,0.3736877,83.5,1.4424052
-17.0656795501709,35.1667900085449,14.7855783700943,POINT (35.1667900085449 -17.0656795501709),51.89230769230769,0.411656,83.5,2.068308
-17.0281391143799,35.2416610717773,12.760279297828674,POINT (35.2416610717773 -17.0281391143799),147.28423076923076,0.408638,61.0,2.2256114
-17.005220413208,35.0824699401855,26.924219608306895,POINT (35.0824699401855 -17.005220413208),46.378846153846155,0.58620024,0.0,3.2753396
-16.9645309448242,35.2086181640625,16.837666392326362,POINT (35.2086181640625 -16.9645309448242),255.68692307692308,0.41766986,131.0,3.322957
-16.9263305664063,35.2435417175293,6.3591416776180285,POINT (35.2435417175293 -16.9263305664063),751.7173076923077,0.8527856,75.0,3.6769614
-16.9190807342529,35.2430992126465,7.750969839096076,POINT (35.2430992126465 -16.9190807342529),762.9384905660378,0.88622487,75.0,3.7853105
-16.9097499847412,35.1698608398438,1.7293819636106518,POINT (35.1698608398438 -16.9097499847412),109.32188679245283,0.5158438,32.75,4.5033703
-16.8932704925537,35.2608795166016,15.671162790618842,POINT (35.2608795166016 -16.8932704925537),299.51807692307693,0.60770136,71.0,4.051751
-16.8182201385498,35.2997207641602,25.32069382071494,POINT (35.2997207641602 -16.8182201385498),193.28566037735848,0.38801163,130.5,4.9195013
-16.7593994140625,35.2683181762695,23.140317916870117,POINT (35.2683181762695 -16.7593994140625),208.00829562594268,0.43666717,92.75,6.396548
-16.7237205505371,34.9400787353516,40.012460470199585,POINT (34.9400787353516 -16.7237205505371),16.513207547169813,0.49611005,0.0,10.088847
-16.6961193084717,35.2191696166992,21.136475384235375,POINT (35.2191696166992 -16.6961193084717),92.41620421753608,0.37859723,100.0,8.99525
-16.6381206512451,35.1444702148438,29.032290756702423,POINT (35.1444702148438 -16.6381206512451),120.61461538461539,0.43712506,103.5,12.547119
-16.5989608764648,35.0083694458008,21.836696982383724,POINT (35.0083694458008 -16.5989608764648),10.80656108597285,0.3782524,91.0,15.733231
-16.5753192901611,34.9445114135742,11.88585770130157,POINT (34.9445114135742 -16.5753192901611),117.55012948575657,0.36996242,59.0,17.059906
-16.5737991333008,35.1119003295898,33.51875683665276,POINT (35.1119003295898 -16.5737991333008),684.29,0.9302662,116.5,16.257933
-16.5703792572021,35.120288848877,5.361099839210504,POINT (35.120288848877 -16.5703792572021),615.0267924528301,0.91470855,116.5,16.290724
-16.5239696502686,34.8384590148926,22.873675376176827,POINT (34.8384590148926 -16.5239696502686),64.76131221719457,0.3926025,0.0,18.857698
-16.465669631958,35.1529006958008,19.019692808389667,POINT (35.1529006958008 -16.465669631958),21.919615384615383,0.38595346,0.0,21.632204
-16.4430809020996,35.1818008422852,8.526654034852987,POINT (35.1818008422852 -16.4430809020996),203.7226923076923,0.47272924,0.0,22.31536
-16.4332103729248,34.7425918579102,17.05919472128153,POINT (34.7425918579102 -16.4332103729248),36.64517345399698,0.3792616,0.0,21.617487
-16.4057903289795,34.9237289428711,20.44233328104019,POINT (34.9237289428711 -16.4057903289795),205.22775263951735,0.4132571,67.25,26.64544
-16.4015293121338,34.7656517028809,12.91645388305187,POINT (34.7656517028809 -16.4015293121338),168.15076923076924,0.36849126,0.0,23.952131
-16.3838901519775,35.1765785217285,27.264530539512638,POINT (35.1765785217285 -16.3838901519775),101.09577677224736,0.6333836,0.0,25.895761
-16.3770008087158,35.2643394470215,24.75513662397862,POINT (35.2643394470215 -16.3770008087158),96.58615384615385,0.5723971,0.0,23.758173
-16.3714694976807,35.1387786865234,13.815760940313343,POINT (35.1387786865234 -16.3714694976807),149.045,0.42298058,0.0,27.442602
-16.3654403686523,35.1124382019043,10.127110838890074,POINT (35.1124382019043 -16.3654403686523),106.29110105580693,0.47857517,0.0,28.351334
-16.3498001098633,34.719539642334,28.03260147571565,POINT (34.719539642334 -16.3498001098633),59.603846153846156,0.3630403,39.0,25.218073
-16.3275699615479,34.8806915283203,10.792457714676862,POINT (34.8806915283203 -16.3275699615479),244.74307692307693,0.44998989,121.0,30.64036
-16.3095092773438,35.0664710998535,17.198994938284162,POINT (35.0664710998535 -16.3095092773438),126.8276923076923,0.45074344,24.0,32.217712
-16.3051204681396,35.218620300293,8.928796652704477,POINT (35.218620300293 -16.3051204681396),262.78582202111613,0.42127666,0.0,29.440191
-16.2856903076172,34.8779106140137,8.340072032064205,POINT (34.8779106140137 -16.2856903076172),469.15,1.4667937,126.0,32.97263
-16.2331504821777,35.1204109191895,16.616143584251407,POINT (35.1204109191895 -16.2331504821777),250.84576923076924,0.57916266,0.0,35.956783
-16.2134799957275,35.2244911193848,17.980900454334908,POINT (35.2244911193848 -16.2134799957275),170.49283559577677,0.40228313,0.0,34.42468
-16.1995601654053,35.0732307434082,5.736823081970218,POINT (35.0732307434082 -16.1995601654053),318.55346153846153,0.8522069,55.0,38.488194
-16.1988506317139,35.0076293945313,17.315664827823646,POINT (35.0076293945313 -16.1988506317139),214.10256410256412,0.50342184,70.0,38.863605
-16.1979999542236,34.7387084960938,23.31180125474928,POINT (34.7387084960938 -16.1979999542236),141.8604826546003,0.3731656,265.0,33.41551
-16.1975402832031,34.9277992248535,3.7914050705730906,POINT (34.9277992248535 -16.1975402832031),28.556538461538462,0.45871046,98.5,38.453068
-16.1900100708008,35.1304512023926,9.185547158122066,POINT (35.1304512023926 -16.1900100708008),272.8554716981132,0.5188592,0.0,38.127903
-16.1700496673584,34.9558486938477,22.849562942981713,POINT (34.9558486938477 -16.1700496673584),130.56884615384615,0.4120555,78.0,40.147404
-16.1686592102051,35.2082481384277,13.144666373729699,POINT (35.2082481384277 -16.1686592102051),163.66185719570848,0.39557582,68.0,37.37253
-16.1536102294922,35.3490409851074,20.357249766588208,POINT (35.3490409851074 -16.1536102294922),198.70807692307693,0.44464707,95.0,32.393757
-16.1516990661621,35.2084007263184,8.493794441223148,POINT (35.2084007263184 -16.1516990661621),148.79461538461538,0.41198036,68.0,38.219707
-16.1249599456787,34.6363410949707,20.73660669475794,POINT (34.6363410949707 -16.1249599456787),151.28808446455506,0.3766767,120.0,31.441908
-16.1244106292725,35.6102485656738,8.95630341768265,POINT (35.6102485656738 -16.1244106292725),284.3834615384615,0.43044484,91.0,18.22264
-16.1218395233154,35.5467109680176,17.99326383322478,POINT (35.5467109680176 -16.1218395233154),368.1480769230769,0.5188211,0.0,22.314695
-16.1109199523926,35.2119293212891,11.458847343921663,POINT (35.2119293212891 -16.1109199523926),179.40730769230768,0.46498126,136.0,40.10006
-16.1072902679443,34.8353881835938,9.325827360153196,POINT (34.8353881835938 -16.1072902679443),201.42533936651583,0.42049283,80.0,40.75292
-16.1066493988037,35.3063011169434,25.267634630203254,POINT (35.3063011169434 -16.1066493988037),229.42,0.43573123,190.0,36.570183
-16.0872497558594,34.999340057373,13.849041774868965,POINT (34.999340057373 -16.0872497558594),138.51168929110105,0.47666344,59.0,44.32971
-16.0823001861572,35.4645004272461,13.161236464977264,POINT (35.4645004272461 -16.0823001861572),326.6715384615385,0.4200665,212.5,28.9887
-16.081880569458,35.491828918457,17.326769113540646,POINT (35.491828918457 -16.081880569458),398.09426847662144,0.41400018,137.0,27.276068
-16.0814800262451,35.7173309326172,21.68709718436003,POINT (35.7173309326172 -16.0814800262451),631.8938461538462,0.87313735,187.5,13.049646
-16.0764293670654,34.5844993591309,24.64992445707321,POINT (34.5844993591309 -16.0764293670654),169.74132730015083,0.3854584,42.25,30.00284
-16.0681095123291,34.8623199462891,10.28547544777393,POINT (34.8623199462891 -16.0681095123291),210.7006033182504,0.48295483,157.5,43.016155
-16.066930770874,35.0717010498047,6.930673837661744,POINT (35.0717010498047 -16.066930770874),203.11846153846153,0.4813255,93.75,45.017006
-16.0667095184326,35.1309394836426,8.223342418670656,POINT (35.1309394836426 -16.0667095184326),494.76153846153846,0.937556,132.5,44.177807
-16.0586109161377,34.7759017944336,21.65549148619175,POINT (34.7759017944336 -16.0586109161377),359.1926923076923,0.6481891,292.0,40.455273
-16.0486507415771,35.224910736084,9.865531045943492,POINT (35.224910736084 -16.0486507415771),334.7819230769231,0.5626178,173.0,42.383423
-16.0242290496826,35.0012397766113,7.67237272113561,POINT (35.0012397766113 -16.0242290496826),236.33220211161387,0.47556335,55.0,46.82948
-16.0202407836914,35.4409790039063,18.8929386138916,POINT (35.4409790039063 -16.0202407836914),383.9330769230769,0.5634045,317.0,32.577507
-16.0200099945068,35.0729713439941,3.0995674729347202,POINT (35.0729713439941 -16.0200099945068),128.99923076923076,0.5135759,134.5,46.819386
-16.0185794830322,35.2029418945313,10.75168979167938,POINT (35.2029418945313 -16.0185794830322),331.0629713423831,0.5084042,86.5,44.22976
-16.0107307434082,34.5091705322266,26.86745885014533,POINT (34.5091705322266 -16.0107307434082),154.895,0.5807414,9.25,26.640186
-16.0093193054199,34.7843818664551,17.71215975284576,POINT (34.7843818664551 -16.0093193054199),250.52941176470588,0.543056,184.5,42.297466
-16.0041103363037,35.441520690918,11.42775750160217,POINT (35.441520690918 -16.0041103363037),428.56,0.62357736,317.0,33.086594
-16.0023002624512,35.6729011535645,3.0509411096572876,POINT (35.6729011535645 -16.0023002624512),185.47115384615384,0.53388065,84.75,17.813671
-15.9952898025513,35.2813186645508,10.250223428010946,POINT (35.2813186645508 -15.9952898025513),413.7442307692308,0.5870562,384.0,42.006775
-15.9923696517944,35.297679901123,9.829620718956,POINT (35.297679901123 -15.9923696517944),534.285,0.7271771,384.0,41.398037
-15.9910898208618,34.9021682739258,13.358269244432451,POINT (34.9021682739258 -15.9910898208618),90.25603318250377,0.6270809,103.25,46.537834
-15.9888601303101,35.4467010498047,1.9111832380294804,POINT (35.4467010498047 -15.9888601303101),420.1223076923077,0.5969293,317.0,33.18304
-15.9763097763062,35.3274383544922,25.944606006145474,POINT (35.3274383544922 -15.9763097763062),360.1873076923077,0.5399503,349.5,40.397068
-15.9725704193115,35.3785285949707,11.091112256050119,POINT (35.3785285949707 -15.9725704193115),289.4003921568627,0.5125613,384.0,37.76545
-15.966420173645,35.7845191955566,4.453835606575012,POINT (35.7845191955566 -15.966420173645),233.63499245852188,0.3834342,198.0,11.955846
-15.9594202041626,35.423038482666,12.064159408211705,POINT (35.423038482666 -15.9594202041626),212.5126923076923,0.5572415,322.5,35.42078
-15.956130027771,35.2426109313965,11.381294161081312,POINT (35.2426109313965 -15.956130027771),232.92,0.4520149,157.5,44.805225
-15.9514398574829,35.0065002441406,9.5869913995266,POINT (35.0065002441406 -15.9514398574829),247.70384615384614,0.46574384,118.5,49.039146
-15.9509897232056,35.1758804321289,9.610308721661568,POINT (35.1758804321289 -15.9509897232056),336.3891402714932,0.52791095,8.5,47.127857
-15.9506101608276,34.8200492858887,14.710149049758925,POINT (34.8200492858887 -15.9506101608276),4.296538461538462,0.45194286,115.0,45.083336
-15.9377498626709,35.4617614746094,9.993823230266575,POINT (35.4617614746094 -15.9377498626709),263.3626923076923,0.40723753,205.0,33.492565
-15.9335899353027,35.2047309875488,11.925259977579122,POINT (35.2047309875488 -15.9335899353027),388.2628205128205,0.53346395,147.0,46.671844
-15.9121704101563,35.0517616271973,4.610075521469115,POINT (35.0517616271973 -15.9121704101563),236.36423076923077,1.0389491,182.5,49.929157
-15.9113101959229,35.3177795410156,15.577072501182556,POINT (35.3177795410156 -15.9113101959229),180.2403846153846,0.44339514,375.0,42.484943
-15.9067001342773,34.9767189025879,4.387165397405628,POINT (34.9767189025879 -15.9067001342773),276.0896153846154,0.6647442,201.25,49.740536
-15.9035501480103,35.3258209228516,12.377013683319094,POINT (35.3258209228516 -15.9035501480103),197.42923076923077,0.4536858,375.0,42.196926
-15.9022302627563,35.4151000976563,16.056296825408932,POINT (35.4151000976563 -15.9022302627563),247.4234539969834,0.38851336,296.0,37.15419
-15.8966798782349,35.1106605529785,1.7838118392974156,POINT (35.1106605529785 -15.8966798782349),346.60423076923075,0.65925264,58.0,49.660755
-15.8907403945923,34.9377784729004,8.175340656191112,POINT (34.9377784729004 -15.8907403945923),370.6165384615385,0.6945568,220.0,49.410187
-15.8887996673584,35.2820510864258,1.108132302761075,POINT (35.2820510864258 -15.8887996673584),265.86346153846154,0.45370078,411.0,44.579952
-15.8833303451538,35.2650184631348,11.204830586910246,POINT (35.2650184631348 -15.8833303451538),254.36423076923077,0.4698256,352.5,45.386868
-15.8818597793579,35.1692085266113,10.041766881942745,POINT (35.1692085266113 -15.8818597793579),275.5919230769231,0.50257736,196.5,48.701862
-15.8737602233887,35.4349517822266,20.114649057388306,POINT (35.4349517822266 -15.8737602233887),270.9215384615385,0.37898612,269.5,36.411484
-15.8731098175049,35.5048789978027,9.412200152873993,POINT (35.5048789978027 -15.8731098175049),311.46174548250673,0.39787346,156.5,31.823221
-15.8671903610229,35.8014717102051,27.023651957511902,POINT (35.8014717102051 -15.8671903610229),247.12384615384616,0.3730845,238.0,12.662677
-15.8575096130371,34.9538307189941,8.03966119885445,POINT (34.9538307189941 -15.8575096130371),395.33785822021116,1.1750149,356.0,50.04272
-15.8490800857544,35.3488388061523,19.846685886383057,POINT (35.3488388061523 -15.8490800857544),201.2226923076923,0.4101045,347.75,41.749672
-15.8480796813965,35.0459594726563,2.6874543428421065,POINT (35.0459594726563 -15.8480796813965),1342.7184615384615,4.563559,755.5,50.785625
-15.8451700210571,35.0351982116699,2.7477926202118415,POINT (35.0351982116699 -15.8451700210571),1296.6019230769232,4.336269,755.5,50.810722
-15.8425397872925,35.240909576416,3.6254974603652923,POINT (35.240909576416 -15.8425397872925),243.6946153846154,0.55678743,334.5,46.87441
-15.8416004180908,35.7917098999023,17.07121002674103,POINT (35.7917098999023 -15.8416004180908),170.55461538461537,0.374664,191.0,13.490455
-15.8400201797485,35.7650718688965,21.802026201970875,POINT (35.7650718688965 -15.8400201797485),297.47285067873304,0.4057266,111.75,15.046315
-15.8398103713989,35.010311126709,1.284939169883725,POINT (35.010311126709 -15.8398103713989),1466.4338461538462,4.86321,592.75,50.76966
-15.8392496109009,35.0905799865723,0.133428156375885,POINT (35.0905799865723 -15.8392496109009),1391.3333333333333,4.725587,499.75,50.58756
-15.8378801345825,34.9835815429688,3.618736088275912,POINT (34.9835815429688 -15.8378801345825),1054.0826923076922,3.2876475,592.75,50.55933
-15.8367395401001,35.0361213684082,1.5698164701461812,POINT (35.0361213684082 -15.8367395401001),1602.390980392157,6.264718,755.5,50.8625
-15.8350200653076,35.5541000366211,10.517042875289917,POINT (35.5541000366211 -15.8350200653076),294.50807692307694,0.40079466,205.5,28.91094
-15.8324403762817,35.0957717895508,4.178956031799318,POINT (35.0957717895508 -15.8324403762817),1413.278076923077,4.7848363,499.75,50.571552
-15.8314800262451,35.11669921875,3.293147563934325,POINT (35.11669921875 -15.8314800262451),595.2588235294118,2.3817046,244.0,50.28912
-15.8248796463013,34.4091491699219,16.134302318096157,POINT (34.4091491699219 -15.8248796463013),122.35384615384615,0.49063608,55.25,21.047884
-15.8237104415894,35.079460144043,2.383530378341675,POINT (35.079460144043 -15.8237104415894),1842.9924585218703,8.519184,499.75,50.766388
-15.8137798309326,35.0007514953613,2.6773900203406864,POINT (35.0007514953613 -15.8137798309326),2128.7546153846156,9.976181,592.75,50.79444
-15.8111095428467,34.9839210510254,0.0,POINT (34.9839210510254 -15.8111095428467),1303.1342307692307,5.246524,592.75,50.642914
-15.8076095581055,35.0862083435059,3.579022586345675,POINT (35.0862083435059 -15.8076095581055),1248.4284615384615,6.776307,844.0,50.754726
-15.8055400848389,35.1751518249512,0.5190199017524719,POINT (35.1751518249512 -15.8055400848389),326.73423076923075,0.9694595,345.0,49.196735
-15.8042497634888,34.9553718566895,5.925084412097931,POINT (34.9553718566895 -15.8042497634888),371.34012066365005,1.4309528,504.0,50.2451
-15.8019895553589,35.265380859375,2.6589410305023207,POINT (35.265380859375 -15.8019895553589),241.69846153846154,0.43023393,316.5,46.116703
-15.7966203689575,34.5418815612793,10.66684618592262,POINT (34.5418815612793 -15.7966203689575),113.23384615384616,0.47749126,87.0,30.442083
-15.7893896102905,35.3337707519531,14.639118939638145,POINT (35.3337707519531 -15.7893896102905),243.7376923076923,0.39969507,295.0,42.930206
-15.7885503768921,35.608829498291,18.68392044305801,POINT (35.608829498291 -15.7885503768921),339.11384615384617,0.37774953,302.0,25.51787
-15.783860206604,35.0625495910645,3.8539046119241154,POINT (35.0625495910645 -15.783860206604),1362.6473076923078,7.7283235,844.0,50.889313
-15.7834596633911,35.2228698730469,9.54356911977132,POINT (35.2228698730469 -15.7834596633911),254.54298642533936,0.48870918,301.0,47.764236
-15.7771997451782,35.0290908813477,0.0,POINT (35.0290908813477 -15.7771997451782),1970.7246153846154,11.671594,1299.0,50.88878
-15.7768201828003,35.1487503051758,19.992435008287426,POINT (35.1487503051758 -15.7768201828003),327.7497116493656,0.7253246,345.0,49.79832
-15.7757701873779,35.1521110534668,2.3930505514144893,POINT (35.1521110534668 -15.7757701873779),310.895,0.6922661,345.0,49.740883
-15.7735300064087,34.4424896240234,12.026883006095888,POINT (34.4424896240234 -15.7735300064087),131.84307692307692,0.7182646,143.0,23.157602
-15.7734498977661,34.5073890686035,15.076205730438238,POINT (34.5073890686035 -15.7734498977661),118.63346153846153,0.5718323,115.0,27.770975
-15.7710800170898,35.065788269043,2.4974489212036124,POINT (35.065788269043 -15.7710800170898),1106.4742307692309,4.4450035,579.0,50.826973
-15.7701597213745,35.0045700073242,2.2522125244140643,POINT (35.0045700073242 -15.7701597213745),2043.2926923076923,12.502456,622.0,50.72617
-15.7687702178955,35.0481986999512,0.0,POINT (35.0481986999512 -15.7687702178955),1314.5173453996983,6.79364,833.0,50.86133
-15.7679395675659,35.2495384216309,15.459814548492437,POINT (35.2495384216309 -15.7679395675659),266.75115384615384,0.4824855,284.75,46.796177
-15.7625102996826,35.7987785339355,22.897584319114692,POINT (35.7987785339355 -15.7625102996826),200.86196078431374,0.3924451,72.0,13.903559
-15.7623100280762,35.011848449707,0.3103904128074644,POINT (35.011848449707 -15.7623100280762),2211.3748114630466,10.827335,622.0,50.724503
-15.7614498138428,34.4197387695313,9.888648152351381,POINT (34.4197387695313 -15.7614498138428),133.86425339366517,0.9971147,114.0,21.498083
-15.7596597671509,35.2966995239258,24.143120333552364,POINT (35.2966995239258 -15.7596597671509),226.3186274509804,0.4103261,285.0,44.747547
-15.7552995681763,35.6058807373047,11.9230420589447,POINT (35.6058807373047 -15.7552995681763),293.56307692307695,0.40977794,326.0,25.8515
-15.7532300949097,34.9717712402344,0.0,POINT (34.9717712402344 -15.7532300949097),620.2650829562594,3.2863183,411.0,50.241386
-15.7514801025391,35.682071685791,17.45066326856613,POINT (35.682071685791 -15.7514801025391),279.7,0.43021536,260.25,20.825722
-15.7461500167847,35.6137199401855,11.850540451705461,POINT (35.6137199401855 -15.7461500167847),294.37038461538464,0.40286034,343.5,25.329597
-15.7428598403931,35.060001373291,1.794713735580444,POINT (35.060001373291 -15.7428598403931),1354.9976923076922,3.7450755,833.0,50.65044
-15.7410297393799,35.1948089599609,14.575771778821942,POINT (35.1948089599609 -15.7410297393799),264.1857692307692,0.57205653,284.5,48.50792
-15.7405595779419,34.3990287780762,10.908534049987795,POINT (34.3990287780762 -15.7405595779419),194.9176923076923,0.7424526,114.0,19.767178
-15.7386798858643,35.7275390625,6.3981012701988185,POINT (35.7275390625 -15.7386798858643),182.43615384615384,0.40294778,124.5,18.102179
-15.7367000579834,35.0765686035156,1.6997728347778311,POINT (35.0765686035156 -15.7367000579834),1276.5460030165912,3.4367719,579.0,50.511208
-15.7359304428101,35.5938186645508,22.18917172402144,POINT (35.5938186645508 -15.7359304428101),271.5626923076923,0.39119822,326.0,26.722984
-15.7353801727295,35.0101089477539,0.8617104589939113,POINT (35.0101089477539 -15.7353801727295),1736.7515384615385,6.5075502,622.0,50.462906
-15.7327499389648,34.6806716918945,16.885054379701614,POINT (34.6806716918945 -15.7327499389648),11.538846153846153,0.5079108,76.75,38.887047
-15.7306299209595,34.9882011413574,5.821255803108219,POINT (34.9882011413574 -15.7306299209595),896.0546153846154,2.8884456,622.0,50.215275
-15.7268295288086,35.0182991027832,0.0,POINT (35.0182991027832 -15.7268295288086),1733.1803846153846,6.0367193,342.5,50.414944
-15.7246599197388,35.0708198547363,7.409367181360725,POINT (35.0708198547363 -15.7246599197388),1171.0414781297134,2.8871524,314.0,50.4018
-15.7223796844482,35.1396408081055,7.037131011486051,POINT (35.1396408081055 -15.7223796844482),315.0219230769231,0.8075842,261.0,49.613808
-15.7209997177124,35.5293807983398,13.20420891046525,POINT (35.5293807983398 -15.7209997177124),227.62481146304677,0.3800993,370.0,31.030317
-15.7171602249146,35.5042686462402,7.472334623336792,POINT (35.5042686462402 -15.7171602249146),139.98461538461538,0.3677058,325.5,32.654705
-15.7163801193237,34.8666915893555,13.987513780593876,POINT (34.8666915893555 -15.7163801193237),94.24660633484163,0.8511016,248.0,47.26253
-15.7023096084595,35.7064514160156,10.919925168156624,POINT (35.7064514160156 -15.7023096084595),312.4676923076923,0.4672742,305.0,19.57748
-15.7012796401978,35.3775901794434,23.497085690498356,POINT (35.3775901794434 -15.7012796401978),170.54901960784315,0.3887145,183.0,40.309887
-15.6982402801514,35.299430847168,1.3548437356948875,POINT (35.299430847168 -15.6982402801514),257.61123680241326,0.42753598,238.0,44.220028
-15.6957302093506,34.513801574707,12.826252937316887,POINT (34.513801574707 -15.6957302093506),139.60923076923078,0.40963376,130.5,27.331266
-15.6884098052979,34.5192794799805,20.24697397649289,POINT (34.5192794799805 -15.6884098052979),127.1,0.43187347,195.25,27.604145
-15.6879301071167,35.7680511474609,14.276191830635074,POINT (35.7680511474609 -15.6879301071167),147.68153846153845,0.36111367,152.5,16.028305
-15.685170173645,34.4705200195313,18.937240473429355,POINT (34.4705200195313 -15.685170173645),59.307307692307695,0.43167213,92.0,24.177507
-15.6850500106812,34.932788848877,10.88190174102783,POINT (34.932788848877 -15.6850500106812),233.91384615384615,0.65100276,191.5,48.54188
-15.6806297302246,34.4072494506836,21.08770895004274,POINT (34.4072494506836 -15.6806297302246),110.70211161387633,1.0724713,114.5,19.594906
-15.6804399490356,35.0921516418457,10.99690568447113,POINT (35.0921516418457 -15.6804399490356),227.3926923076923,0.6113937,265.75,49.586933
-15.6694297790527,34.823070526123,5.188551545143126,POINT (34.823070526123 -15.6694297790527),63.61923076923077,0.43436474,117.75,44.826523
-15.6660099029541,34.4734382629395,9.461477398872379,POINT (34.4734382629395 -15.6660099029541),44.72247360482655,0.44876808,92.0,24.043327
-15.6624097824097,34.9623413085938,11.219527542591099,POINT (34.9623413085938 -15.6624097824097),239.0837104072398,0.8831136,220.0,48.641766
-15.6445798873901,35.1619682312012,3.1216740310192086,POINT (35.1619682312012 -15.6445798873901),289.3784615384615,0.6598403,177.25,47.862206
-15.6411199569702,35.7080192565918,10.689679026603697,POINT (35.7080192565918 -15.6411199569702),217.79038461538462,0.35562342,49.0,19.491554
-15.6405296325684,35.179931640625,7.156960517168043,POINT (35.179931640625 -15.6405296325684),225.855580693816,0.6233146,90.0,47.382885
-15.6357898712158,34.5645294189453,20.479652047157288,POINT (34.5645294189453 -15.6357898712158),56.10180995475113,0.465176,333.5,29.6734
-15.63440990448,34.975170135498,9.838135480880743,POINT (34.975170135498 -15.63440990448),184.27692307692308,0.59521693,122.0,48.152866
-15.6228199005127,35.0175399780273,0.7376665174961088,POINT (35.0175399780273 -15.6228199005127),317.14346153846157,0.86161035,193.0,48.275204
-15.6169395446777,35.6684417724609,8.25788706541061,POINT (35.6684417724609 -15.6169395446777),181.09576923076924,0.36463892,118.5,21.80696
-15.615650177002,35.1616401672363,2.360508114099503,POINT (35.1616401672363 -15.615650177002),275.17269984917044,0.5081337,90.0,47.198494
-15.6145095825195,35.1133499145508,5.170536935329439,POINT (35.1133499145508 -15.6145095825195),201.82153846153847,0.42767626,171.0,47.875507
-15.606559753418,34.635009765625,11.04580426216125,POINT (34.635009765625 -15.606559753418),33.78318250377074,0.7159653,260.0,33.420174
-15.6019201278687,34.5225715637207,1.5226968526840206,POINT (34.5225715637207 -15.6019201278687),597.855580693816,1.2481551,213.0,25.968258
-15.5972900390625,34.4753913879395,14.61690443754196,POINT (34.4753913879395 -15.5972900390625),251.43423076923077,0.9819122,190.5,22.7084
-15.5968103408813,34.5047416687012,8.424475431442264,POINT (34.5047416687012 -15.5968103408813),653.8046153846154,1.2864777,213.0,24.670774
-15.5903100967407,35.7436294555664,20.1136246919632,POINT (35.7436294555664 -15.5903100967407),167.57884615384614,0.3667808,122.0,17.423134
-15.5888204574585,34.5071792602539,0.0,POINT (34.5071792602539 -15.5888204574585),539.8676923076923,1.2057444,213.0,24.601437
-15.5862503051758,35.0452919006348,14.555546492338177,POINT (35.0452919006348 -15.5862503051758),163.5921568627451,0.5040213,209.5,47.303635
-15.5852203369141,35.200309753418,8.279800519347193,POINT (35.200309753418 -15.5852203369141),259.9992307692308,0.42532516,90.5,45.530724
-15.5848703384399,35.0989112854004,14.240015417337418,POINT (35.0989112854004 -15.5848703384399),159.81807692307692,0.48354846,179.5,47.131542
-15.5811595916748,35.6264915466309,16.17173850908875,POINT (35.6264915466309 -15.5811595916748),123.56346153846154,0.38501704,94.0,24.147509
-15.5764999389648,35.1422386169434,14.15973854064942,POINT (35.1422386169434 -15.5764999389648),202.6738310708899,0.47521672,149.5,46.385136
-15.5747604370117,34.4779510498047,8.355206064879898,POINT (34.4779510498047 -15.5747604370117),270.1746153846154,0.8575527,213.0,22.321472
-15.566499710083,35.206428527832,15.436514407396308,POINT (35.206428527832 -15.566499710083),280.3843137254902,0.47245204,90.5,44.793377
-15.5607900619507,34.8945999145508,15.238442122936256,POINT (34.8945999145508 -15.5607900619507),120.24095022624434,0.48319042,86.75,44.04286
-15.5591201782227,35.3229713439941,20.6646597981453,POINT (35.3229713439941 -15.5591201782227),224.98755656108597,0.39235145,210.0,40.586967
-15.5573997497559,34.5163383483887,3.0009934008121473,POINT (34.5163383483887 -15.5573997497559),154.05576923076924,0.63401353,166.0,24.38933
-15.5542497634888,35.3687210083008,9.96588298678398,POINT (35.3687210083008 -15.5542497634888),257.5896153846154,0.43954867,298.0,38.391293
-15.5473899841309,34.7234001159668,10.361406385898587,POINT (34.7234001159668 -15.5473899841309),29.269615384615385,0.37495542,259.0,36.58809
-15.5443296432495,35.6066093444824,25.555448800325394,POINT (35.6066093444824 -15.5443296432495),237.7209653092006,0.37633193,186.0,24.927393
-15.5314197540283,35.7968406677246,28.071364641189575,POINT (35.7968406677246 -15.5314197540283),143.210407239819,0.36256394,183.0,14.328774
-15.531060218811,34.4603614807129,14.592605888843536,POINT (34.4603614807129 -15.531060218811),108.62576923076924,0.3911913,268.0,20.003553
-15.5305795669556,35.2582893371582,20.778166353702545,POINT (35.2582893371582 -15.5305795669556),213.49321266968326,0.41963547,147.0,42.164562
-15.5251703262329,34.5193099975586,3.4046386480331376,POINT (34.5193099975586 -15.5251703262329),140.08031674208144,0.49937758,166.0,23.641994
-15.5213499069214,35.0719413757324,9.760983288288118,POINT (35.0719413757324 -15.5213499069214),72.98340874811463,1.1546034,125.0,44.978363
-15.5189304351807,35.4697303771973,8.613823622465134,POINT (35.4697303771973 -15.5189304351807),286.1046153846154,0.41810387,338.0,32.31739
-15.5030698776245,35.6521682739258,24.92995136976242,POINT (35.6521682739258 -15.5030698776245),215.53506787330318,0.36748853,0.0,21.869436
-15.4949197769165,35.6419296264648,14.338577181100847,POINT (35.6419296264648 -15.4949197769165),182.98001508295627,0.36691952,0.0,22.371277
-15.4897899627686,34.6922798156738,8.649258576100694,POINT (34.6922798156738 -15.4897899627686),20.77730769230769,0.4908659,164.5,32.736088
-15.4897403717041,35.592601776123,16.131313741207126,POINT (35.592601776123 -15.4897403717041),131.69230769230768,0.6832766,159.5,25.029457
-15.4881496429443,35.3296585083008,6.552549153566363,POINT (35.3296585083008 -15.4881496429443),230.02,0.50331783,168.25,38.192703
-15.486180305481,34.6078796386719,3.711000747978689,POINT (34.6078796386719 -15.486180305481),82.90384615384616,0.4527506,68.0,27.906979
-15.4827699661255,35.2339515686035,2.0030622482299814,POINT (35.2339515686035 -15.4827699661255),354.1765384615385,0.5975514,147.25,41.209633
-15.4827098846436,34.7860908508301,4.1249534189701125,POINT (34.7860908508301 -15.4827098846436),47.61730769230769,0.41454327,252.5,36.967068
-15.4823999404907,35.0187110900879,12.306950777769101,POINT (35.0187110900879 -15.4823999404907),168.2956862745098,0.4236355,143.0,43.14717
-15.4766902923584,34.5224685668945,5.643625155091281,POINT (34.5224685668945 -15.4766902923584),92.26357466063348,0.3781043,21.5,22.293201
-15.4719495773315,34.9919395446777,10.356769144535065,POINT (34.9919395446777 -15.4719495773315),150.36726998491704,0.5918137,204.0,42.359303
-15.4637298583984,34.6597213745117,14.179747223854068,POINT (34.6597213745117 -15.4637298583984),149.58257918552036,0.5002085,35.0,29.903719
-15.4633703231812,35.289249420166,1.333271861076358,POINT (35.289249420166 -15.4633703231812),287.9719230769231,0.5650287,124.0,38.84795
-15.4468402862549,35.0949592590332,20.20348048210144,POINT (35.0949592590332 -15.4468402862549),89.93615384615384,0.37709597,108.5,41.77324
-15.4463701248169,35.4656410217285,18.76656757295132,POINT (35.4656410217285 -15.4463701248169),258.5833333333333,0.43236127,141.0,30.790453
-15.4435701370239,34.4582290649414,15.147208631038675,POINT (34.4582290649414 -15.4435701370239),183.28092006033182,0.41601926,26.0,17.418312
-15.4300804138184,35.4271011352539,5.100291841430586,POINT (35.4271011352539 -15.4300804138184),213.7270280661284,0.5263183,185.5,32.163837
-15.4253597259521,34.7216911315918,15.543943326920278,POINT (34.7216911315918 -15.4253597259521),13.29713423831071,1.3544605,98.5,31.471836
-15.4207496643066,34.7366981506348,17.03126645088195,POINT (34.7366981506348 -15.4207496643066),5.733179546328335,1.0979034,162.25,31.985058
-15.4156999588013,35.3074989318848,4.663673520088194,POINT (35.3074989318848 -15.4156999588013),879.1088461538461,2.0992198,262.5,36.403065
-15.4148502349854,35.3419494628906,4.232935190200806,POINT (35.3419494628906 -15.4148502349854),727.7156862745098,2.3023949,240.0,35.196022
-15.4147901535034,34.5917282104492,5.9938982129097,POINT (34.5917282104492 -15.4147901535034),96.61615384615385,0.42240486,32.5,24.183447
-15.4141702651978,34.8672485351563,3.240616202354428,POINT (34.8672485351563 -15.4141702651978),48.32884615384615,0.7003107,267.5,36.704266
-15.4095697402954,35.3156394958496,0.0,POINT (35.3156394958496 -15.4095697402954),1105.9411538461538,3.0074465,240.0,35.94042
-15.4081697463989,35.5605506896973,9.213120758533474,POINT (35.5605506896973 -15.4081697463989),245.23538461538462,0.38624352,106.75,25.056345
-15.4081401824951,35.3423118591309,0.10261984169483188,POINT (35.3423118591309 -15.4081401824951),965.7630769230769,2.8666077,240.0,34.945568
-15.4081296920776,35.3416595458984,5.066540241241455,POINT (35.3416595458984 -15.4081296920776),983.2446153846154,2.8666077,240.0,34.971245
-15.4070596694946,35.0435218811035,23.906293988227855,POINT (35.0435218811035 -15.4070596694946),100.32956259426848,0.6356398,150.5,39.7842
-15.4051198959351,35.3204612731934,1.6369102001190199,POINT (35.3204612731934 -15.4051198959351),1153.3465309200603,3.5810785,240.0,35.59364
-15.403829574585,35.3195304870605,0.0,POINT (35.3195304870605 -15.403829574585),1183.8796153846154,3.5810785,240.0,35.587692
-15.4037504196167,35.3303489685059,0.24780193964640268,POINT (35.3303489685059 -15.4037504196167),1218.8057692307693,3.674837,240.0,35.209908
-15.4030103683472,34.9573783874512,6.184274956583974,POINT (34.9573783874512 -15.4030103683472),74.77529411764706,0.462256,180.5,38.435913
-15.4000701904297,35.326488494873,1.728763190599588,POINT (35.326488494873 -15.4000701904297),1270.9915384615385,3.886136,240.0,35.22263
-15.3985795974731,35.3349304199219,2.7497149705886867,POINT (35.3349304199219 -15.3985795974731),1314.5276923076924,4.031292,240.0,34.83615
-15.3981704711914,35.3510894775391,2.7218604087829625,POINT (35.3510894775391 -15.3981704711914),1094.3196078431372,3.0706992,240.0,34.24096
-15.397910118103,34.6706314086914,3.995692968368525,POINT (34.6706314086914 -15.397910118103),267.920060331825,0.594327,77.5,27.667759
-15.3954000473022,34.8364486694336,5.814387202262882,POINT (34.8364486694336 -15.3954000473022),50.684615384615384,3.587778,246.75,34.69109
-15.3951396942139,35.2604484558105,0.0,POINT (35.2604484558105 -15.3951396942139),268.4794309880815,0.4607076,239.25,36.997868
-15.3945198059082,35.3299789428711,0.8289332071940134,POINT (35.3299789428711 -15.3945198059082),1340.683137254902,4.1439424,240.0,34.87215
-15.3940801620483,35.3284187316895,0.0,POINT (35.3284187316895 -15.3940801620483),1311.8510558069381,4.2669044,353.5,34.866997
-15.3935804367065,35.2948112487793,0.0,POINT (35.2948112487793 -15.3935804367065),627.9988461538461,1.8389165,401.0,35.97481
-15.3933801651001,35.3365783691406,3.849717348814013,POINT (35.3365783691406 -15.3933801651001),1346.4027149321266,4.2209826,353.5,34.581493
-15.3899297714233,35.174430847168,10.377430230379101,POINT (35.174430847168 -15.3899297714233),158.86235294117648,0.38143036,226.5,38.44858
-15.3873596191406,35.0263595581055,15.130947053432466,POINT (35.0263595581055 -15.3873596191406),94.19461538461539,0.4220971,84.0,38.65579
-15.3858404159546,34.6245803833008,7.419436216354368,POINT (34.6245803833008 -15.3858404159546),87.9027149321267,0.43275076,113.0,24.774971
-15.3855104446411,35.358570098877,0.0,POINT (35.358570098877 -15.3855104446411),1101.8561538461538,2.7490757,306.0,33.485016
-15.3837299346924,35.3004302978516,18.563919842243195,POINT (35.3004302978516 -15.3837299346924),582.3546153846154,2.5902953,401.0,35.42131
-15.3801403045654,35.3888893127441,6.531571194529536,POINT (35.3888893127441 -15.3801403045654),537.145,1.3101969,306.0,32.135754
-15.3789300918579,35.3633308410645,0.173222705721855,POINT (35.3633308410645 -15.3789300918579),1053.071923076923,2.412601,306.0,33.08108
-15.3776798248291,35.3586502075195,3.153640031814575,POINT (35.3586502075195 -15.3776798248291),1078.0750377073907,2.674665,306.0,33.206844
-15.376540184021,34.5810699462891,14.541509373982747,POINT (34.5810699462891 -15.376540184021),45.465490196078434,0.40854552,56.5,22.070393
-15.3754796981812,35.3637008666992,0.0,POINT (35.3637008666992 -15.3754796981812),1020.9107692307692,2.412601,306.0,32.929375
-15.3704395294189,35.3613815307617,1.7521646618843063,POINT (35.3613815307617 -15.3704395294189),963.9487179487179,2.4698966,306.0,32.826004
-15.3680801391602,34.871940612793,10.01315850019455,POINT (34.871940612793 -15.3680801391602),77.33961538461539,0.43373322,348.0,34.47336
-15.3418397903442,34.8341407775879,9.075799137353895,POINT (34.8341407775879 -15.3418397903442),48.643076923076926,0.41981897,190.25,31.880163
-15.3204002380371,35.2476501464844,7.502823233604431,POINT (35.2476501464844 -15.3204002380371),53.734117647058824,0.44571644,244.5,34.032295
-15.3196601867676,35.4185600280762,18.65926420211327,POINT (35.4185600280762 -15.3196601867676),273.9384615384615,0.55999184,226.75,28.757675
-15.3156604766846,34.6679496765137,1.5419937968254067,POINT (34.6679496765137 -15.3156604766846),164.0096153846154,0.39781782,156.0,23.777943
-15.2972402572632,35.4795913696289,10.144438013434414,POINT (35.4795913696289 -15.2972402572632),234.38725490196077,0.60949874,52.0,25.52209
-15.2898101806641,35.0452613830566,11.9234391450882,POINT (35.0452613830566 -15.2898101806641),59.37024221453287,0.43125978,135.0,33.68471
-15.2645597457886,35.3688087463379,8.634760275483135,POINT (35.3688087463379 -15.2645597457886),238.21423076923077,0.6152089,331.0,28.352682
-15.2448196411133,34.904541015625,9.725044310092931,POINT (34.904541015625 -15.2448196411133),186.2376923076923,0.7339247,75.5,28.872637
-15.2439699172974,34.6569404602051,9.482736706733705,POINT (34.6569404602051 -15.2439699172974),76.43099547511312,0.38884613,97.5,20.065094
-15.2432298660278,35.2535400390625,18.281154513359063,POINT (35.2535400390625 -15.2432298660278),137.0603318250377,0.3812873,158.25,30.270075
-15.2148399353027,34.6743202209473,10.523378610610967,POINT (34.6743202209473 -15.2148399353027),80.79675716440423,0.39243725,3.0,19.505157
-15.1910600662231,35.0622100830078,9.621899399906397,POINT (35.0622100830078 -15.1910600662231),166.49358974358975,0.37326875,123.0,28.478825
-15.1808700561523,35.3272895812988,4.3212900161743235,POINT (35.3272895812988 -15.1808700561523),126.31641676278355,0.4509596,147.75,25.69414
-15.1686601638794,35.4719390869141,14.416734337806696,POINT (35.4719390869141 -15.1686601638794),193.3686274509804,0.41682607,130.5,21.028732
-15.1424798965454,34.9976387023926,10.864250436425216,POINT (34.9976387023926 -15.1424798965454),44.33410226835832,0.36718604,102.5,25.084925
-15.1384801864624,34.8334808349609,21.003666907548894,POINT (34.8334808349609 -15.1384801864624),35.07192307692308,0.39965293,102.0,21.258955
-15.1287298202515,35.4508514404297,18.22456550598145,POINT (35.4508514404297 -15.1287298202515),82.40638216070742,0.4084193,8.0,20.147123
-15.1135196685791,35.2554092407227,4.994587004184724,POINT (35.2554092407227 -15.1135196685791),162.85,0.43836448,141.5,23.678232
-15.1095199584961,35.5335388183594,9.964127182960505,POINT (35.5335388183594 -15.1095199584961),57.31334841628959,0.5923716,162.0,17.119884
-15.0890998840332,35.490650177002,18.12031775712967,POINT (35.490650177002 -15.0890998840332),125.99653846153846,0.4503635,109.0,17.610945
-15.0869998931885,34.6039085388184,8.511072278022763,POINT (34.6039085388184 -15.0869998931885),143.665,0.39739633,216.25,11.713769
-15.0865697860718,35.2361793518066,4.019687147701488,POINT (35.2361793518066 -15.0865697860718),611.4019607843137,1.2696044,267.75,22.507622
-15.0667896270752,35.3475112915039,22.87033855915069,POINT (35.3475112915039 -15.0667896270752),165.96346153846153,0.5869019,185.25,19.994406
-15.0642004013062,35.171630859375,19.031207799911492,POINT (35.171630859375 -15.0642004013062),272.59843137254904,0.6271768,246.75,21.791367
-15.0639295578003,34.8932304382324,26.543851554393765,POINT (34.8932304382324 -15.0639295578003),137.51294117647058,0.37679794,288.0,18.9791
-15.0496997833252,35.2010116577148,6.004537455240887,POINT (35.2010116577148 -15.0496997833252),655.6160784313726,1.3826424,346.0,20.90376
-15.0400400161743,34.8817710876465,19.124297400315598,POINT (34.8817710876465 -15.0400400161743),78.06372549019608,0.37056953,372.0,17.512402
-15.038800239563,35.1061706542969,9.671785175800318,POINT (35.1061706542969 -15.038800239563),135.72307692307692,0.37338877,218.5,20.435614
-15.0366897583008,34.9911117553711,30.208677232265476,POINT (34.9911117553711 -15.0366897583008),203.90884615384616,0.3983302,297.0,19.314896
-15.0352201461792,35.5046997070313,18.27319534122944,POINT (35.5046997070313 -15.0352201461792),132.54072398190044,0.38448673,133.0,15.614281
-14.9981203079224,35.1205902099609,12.16336272656918,POINT (35.1205902099609 -14.9981203079224),134.08,0.8752851,203.0,18.474329
-14.9946002960205,34.9601211547852,2.6657388210296626,POINT (34.9601211547852 -14.9946002960205),1369.7972549019607,2.1847954,357.5,16.828896
-14.9917001724243,34.7631187438965,16.060961902141567,POINT (34.7631187438965 -14.9917001724243),245.10961538461538,0.36100647,204.25,12.707309
-14.9837598800659,35.1711616516113,22.765959799289703,POINT (35.1711616516113 -14.9837598800659),189.79346153846154,0.40962136,228.0,17.828112
-14.978289604187,35.2451705932617,35.73503929376602,POINT (35.2451705932617 -14.978289604187),27.87923076923077,0.3746722,269.5,17.330225
-14.9772396087646,34.9284896850586,6.8566172122955305,POINT (34.9284896850586 -14.9772396087646),564.9265384615385,0.9902414,338.0,15.611981
-14.9658803939819,34.9858207702637,26.447156429290775,POINT (34.9858207702637 -14.9658803939819),468.7454825067282,0.81141245,334.0,15.91864
-14.9616098403931,35.87451171875,15.294566303491589,POINT (35.87451171875 -14.9616098403931),284.6707692307692,0.47395822,165.0,7.7759504
-14.9513101577759,34.6216316223145,16.951358685735613,POINT (34.6216316223145 -14.9513101577759),104.44692307692307,0.47455314,125.0,8.341371
-14.9506397247314,34.833610534668,17.02173927426338,POINT (34.833610534668 -14.9506397247314),118.65615384615384,0.38116843,262.5,12.781918
-14.950309753418,35.4952011108398,11.308054313063618,POINT (35.4952011108398 -14.950309753418),196.0049019607843,0.37244713,82.5,13.686815
-14.9389801025391,35.0640106201172,30.094858705997463,POINT (35.0640106201172 -14.9389801025391),175.20307692307694,0.38626155,283.25,15.591226
-14.9263200759888,35.0874214172363,16.795384787023064,POINT (35.0874214172363 -14.9263200759888),145.3048827374087,0.39855132,283.25,15.221508
-14.9256401062012,35.6623001098633,30.19241145253182,POINT (35.6623001098633 -14.9256401062012),246.53254901960784,0.36368787,49.5,11.1961975
-14.902250289917,34.6706008911133,16.488675981760032,POINT (34.6706008911133 -14.902250289917),98.31846153846153,0.37113765,183.75,8.282077
-14.8789396286011,35.6135101318359,20.494897559285157,POINT (35.6135101318359 -14.8789396286011),160.4926923076923,0.3723177,0.0,11.258282
-14.868579864502,35.2034683227539,15.51569052785635,POINT (35.2034683227539 -14.868579864502),237.48001508295627,0.42004398,134.0,13.568248
-14.8503704071045,34.7499008178711,13.87396967411042,POINT (34.7499008178711 -14.8503704071045),231.78582202111613,0.48965824,203.0,8.738818
-14.8480796813965,35.5307884216309,17.65388479828834,POINT (35.5307884216309 -14.8480796813965),330.0015384615385,0.53481025,128.5,11.742002
-14.8440504074097,35.0124206542969,15.023511111736306,POINT (35.0124206542969 -14.8440504074097),211.05690119184928,0.600518,162.25,12.075878
-14.8351697921753,34.9066505432129,34.834964632987976,POINT (34.9066505432129 -14.8351697921753),185.7546153846154,0.36829638,145.5,10.724931
-14.8282604217529,35.2134094238281,24.666491985321038,POINT (35.2134094238281 -14.8282604217529),198.79461538461538,0.3728699,102.0,12.667224
-14.8277702331543,35.7442016601563,17.29394593834877,POINT (35.7442016601563 -14.8277702331543),91.60615384615384,0.35567325,17.5,8.833495
-14.8179597854614,35.5350799560547,17.749670445919037,POINT (35.5350799560547 -14.8179597854614),252.1564705882353,0.3840978,128.5,11.2679615
-14.8140296936035,34.6603317260742,12.190888913472492,POINT (34.6603317260742 -14.8140296936035),476.73192307692307,1.12081,220.0,7.098009
-14.8128795623779,34.627498626709,7.7751783132553065,POINT (34.627498626709 -14.8128795623779),707.0965309200603,1.6352304,194.5,6.672324
-14.7987298965454,35.0816192626953,14.158420860767361,POINT (35.0816192626953 -14.7987298965454),115.40884615384616,0.51256216,95.5,11.675532
-14.7911796569824,35.5734710693359,13.840879194438457,POINT (35.5734710693359 -14.7911796569824),187.88039215686274,0.3684127,126.5,10.539085
-14.7888298034668,35.0154800415039,15.053925335407262,POINT (35.0154800415039 -14.7888298034668),217.13192307692307,0.43747514,147.0,11.044799
-14.7861204147339,34.744068145752,17.022550940513614,POINT (34.744068145752 -14.7861204147339),212.25960784313725,0.4112505,157.5,7.8946505
-14.7784204483032,35.8010101318359,16.3320971429348,POINT (35.8010101318359 -14.7784204483032),113.90884615384616,0.36418954,0.0,7.454909
-14.769229888916,35.1412315368652,16.949122808873646,POINT (35.1412315368652 -14.769229888916),75.71307692307693,0.5344393,34.0,11.503592
-14.7450799942017,35.8511505126953,20.502881526947025,POINT (35.8511505126953 -14.7450799942017),84.42684766214178,0.34259045,130.0,6.354823
-14.730019569397,34.6091690063477,10.008681029081343,POINT (34.6091690063477 -14.730019569397),237.525,0.38794068,229.5,5.793832
-14.7290496826172,35.5430793762207,9.710930839180953,POINT (35.5430793762207 -14.7290496826172),313.63653846153846,0.534228,221.5,10.052197
-14.7217798233032,34.9384994506836,12.780108571052551,POINT (34.9384994506836 -14.7217798233032),157.51461538461538,0.38901693,176.5,9.41543
-14.6839303970337,35.5371513366699,14.14719839394093,POINT (35.5371513366699 -14.6839303970337),125.05957767722474,0.38541368,225.0,9.577872
-14.6773700714111,35.4076614379883,29.547770638018854,POINT (35.4076614379883 -14.6773700714111),111.16402714932127,0.44321966,0.0,10.236136
-14.6618604660034,34.7683982849121,27.912542313337322,POINT (34.7683982849121 -14.6618604660034),188.66214177978884,0.403499,135.75,6.9851737
-14.6582202911377,35.0572395324707,12.716825008392338,POINT (35.0572395324707 -14.6582202911377),169.04613610149943,0.37372318,0.0,9.5495
-14.655369758606,35.8396492004395,23.319119811058044,POINT (35.8396492004395 -14.655369758606),110.10105580693816,0.340988,108.5,5.8705926
-14.6386604309082,34.5562591552734,16.89145177205404,POINT (34.5562591552734 -14.6386604309082),218.9564705882353,0.4433189,241.0,4.8677387
-14.6322603225708,34.6211318969727,15.589908123016363,POINT (34.6211318969727 -14.6322603225708),233.21884615384616,0.37109935,276.0,5.3689914
-14.6139001846313,35.8041381835938,15.243362605571749,POINT (35.8041381835938 -14.6139001846313),70.31607843137255,0.4180372,92.0,6.059461
-14.60671043396,34.7633094787598,27.20588433742524,POINT (34.7633094787598 -14.60671043396),149.96588235294118,0.3791397,72.5,6.5360074
-14.6034898757935,35.1805305480957,14.794028043746952,POINT (35.1805305480957 -14.6034898757935),124.0023076923077,0.51219726,123.5,9.448461
-14.5475997924805,35.7540817260742,22.16687936335802,POINT (35.7540817260742 -14.5475997924805),42.59346153846154,0.39869365,26.5,6.174377
-14.5461902618408,34.578800201416,12.723325178027157,POINT (34.578800201416 -14.5461902618408),216.30461538461537,0.36646882,80.0,4.8926797
-14.5439701080322,35.3408889770508,19.333788752555844,POINT (35.3408889770508 -14.5439701080322),133.04235294117646,0.35576543,20.5,8.919054
-14.4861698150635,34.4703102111816,18.630995512008674,POINT (34.4703102111816 -14.4861698150635),230.2545174932718,0.41748518,265.5,5.7147985
-14.4811496734619,35.0109100341797,10.120408169925215,POINT (35.0109100341797 -14.4811496734619),67.25884615384615,0.7189004,54.25,7.5551167
-14.480580329895,34.6474609375,18.9688329398632,POINT (34.6474609375 -14.480580329895),139.36953242835597,0.3629635,143.75,5.231336
-14.4744300842285,35.2739791870117,7.766921624541286,POINT (35.2739791870117 -14.4744300842285),1035.626923076923,2.8334556,384.0,8.232337
-14.4627103805542,34.0289192199707,8.251934651285412,POINT (34.0289192199707 -14.4627103805542),275.10039215686277,0.40578908,104.0,14.145813
-14.4575099945068,34.650390625,12.495836526155472,POINT (34.650390625 -14.4575099945068),111.79298642533936,0.37880996,145.5,5.2510333
-14.435230255127,33.9451713562012,10.071970254182812,POINT (33.9451713562012 -14.435230255127),139.54461538461538,0.34104818,81.0,16.287752
-14.4236698150635,35.5990982055664,40.877058878541,POINT (35.5990982055664 -14.4236698150635),239.60322952710496,0.38494357,170.5,6.574262
-14.4154500961304,35.1849212646484,14.805645525455487,POINT (35.1849212646484 -14.4154500961304),63.44947209653092,0.38632584,153.75,7.5798893
-14.4132499694824,34.8205413818359,25.503043055534363,POINT (34.8205413818359 -14.4132499694824),106.05038461538462,0.36730698,47.5,6.11351
-14.4033498764038,34.2912483215332,6.656905293464662,POINT (34.2912483215332 -14.4033498764038),292.5423076923077,0.5866099,315.5,11.036046
-14.3894596099854,35.5569305419922,19.992038284029285,POINT (35.5569305419922 -14.3894596099854),192.46745098039216,0.5632632,208.0,6.514496
-14.3826303482056,34.0849609375,23.189342498779293,POINT (34.0849609375 -14.3826303482056),219.36562860438292,0.43367964,214.0,16.505474
-14.3807601928711,34.3367881774902,7.194317743182186,POINT (34.3367881774902 -14.3807601928711),879.9342560553633,2.1033452,484.0,10.522761
-14.3753004074097,34.3644599914551,16.719864338636402,POINT (34.3644599914551 -14.3753004074097),274.0422322775264,0.745729,458.0,9.967312
-14.3751096725464,35.0270385742188,8.750025153160106,POINT (35.0270385742188 -14.3751096725464),58.66974240676663,0.44061354,0.0,6.894633
-14.3731002807617,33.9071617126465,11.695574581623076,POINT (33.9071617126465 -14.3731002807617),225.9250980392157,0.36365315,25.5,19.309742
-14.3713598251343,34.1142196655273,24.5180806517601,POINT (34.1142196655273 -14.3713598251343),186.7372549019608,0.3889208,196.0,16.337452
-14.3706398010254,35.306568145752,5.217974364757536,POINT (35.306568145752 -14.3706398010254),165.4396681749623,0.46001732,411.0,7.1599684
-14.3480396270752,35.4223899841309,16.21672408282756,POINT (35.4223899841309 -14.3480396270752),259.6835294117647,0.424955,168.75,6.6836796
-14.3312501907349,33.9891510009766,33.83858674764632,POINT (33.9891510009766 -14.3312501907349),172.31334841628959,0.37723488,151.0,20.097853
-14.3138704299927,34.2398986816406,11.280706167221073,POINT (34.2398986816406 -14.3138704299927),5.006410256410256,0.4986682,311.0,15.194562
-14.3070697784424,33.6396293640137,24.438383489847183,POINT (33.6396293640137 -14.3070697784424),167.5046153846154,0.38839066,0.0,21.046442
-14.3020601272583,34.674560546875,16.88227719068527,POINT (34.674560546875 -14.3020601272583),163.7135717031911,0.36674267,165.5,5.565372
-14.2934999465942,33.8274688720703,22.04937541484833,POINT (33.8274688720703 -14.2934999465942),113.6873076923077,0.38283747,260.0,22.902033
-14.2735004425049,35.3831405639648,17.41118168830872,POINT (35.3831405639648 -14.2735004425049),102.29334871203383,0.3414702,235.0,5.9718556
-14.2570199966431,34.1506118774414,11.45800340175629,POINT (34.1506118774414 -14.2570199966431),156.02714932126696,0.40555754,234.75,19.456575
-14.2544803619385,33.7594184875488,17.562949568033225,POINT (33.7594184875488 -14.2544803619385),546.9871794871794,0.73620635,138.75,24.231218
-14.2476396560669,34.5322685241699,31.312833309173588,POINT (34.5322685241699 -14.2476396560669),315.9680769230769,0.41919655,196.5,8.090019
-14.2415199279785,33.7132911682129,24.57741372287273,POINT (33.7132911682129 -14.2415199279785),130.8892733564014,0.38628075,6.5,24.397451
-14.2276601791382,34.2863807678223,14.112642079591748,POINT (34.2863807678223 -14.2276601791382),204.49686274509804,0.36661443,341.5,16.192554
-14.2234001159668,34.1374092102051,21.41143614053727,POINT (34.1374092102051 -14.2234001159668),143.25867269984917,0.50366896,345.0,20.836706
-14.2135200500488,35.0271186828613,16.76226250827313,POINT (35.0271186828613 -14.2135200500488),170.5121568627451,0.38562962,255.0,5.699716
-14.2028999328613,33.7443809509277,10.890491247177124,POINT (33.7443809509277 -14.2028999328613),238.36627450980393,0.53042156,98.5,25.956179
-14.1948699951172,33.4779586791992,18.055133700370796,POINT (33.4779586791992 -14.1948699951172),153.67512495194157,0.40404338,47.0,21.201641
-14.1897201538086,33.713809967041,30.646372877061374,POINT (33.713809967041 -14.1897201538086),188.4053846153846,0.40190542,0.0,26.09934
-14.188289642334,33.9618606567383,21.739025175571445,POINT (33.9618606567383 -14.188289642334),182.4776923076923,0.38116786,236.0,25.560484
-14.1811103820801,34.1434593200684,25.78817009925842,POINT (34.1434593200684 -14.1811103820801),239.4809688581315,0.48410264,292.0,21.879648
-14.1770601272583,34.2692718505859,15.239045262336731,POINT (34.2692718505859 -14.1770601272583),116.51538461538462,0.38086486,223.5,17.965714
-14.1755304336548,34.8777694702148,11.657981097698208,POINT (34.8777694702148 -14.1755304336548),99.26758938869665,0.3555938,315.5,5.3934956
-14.1527795791626,35.4116516113281,18.186108589172356,POINT (35.4116516113281 -14.1527795791626),108.59900038446752,0.346731,108.0,4.539948
-14.1483402252197,33.8457794189453,29.58852362632751,POINT (33.8457794189453 -14.1483402252197),171.6874279123414,0.42789286,389.25,27.837381
-14.1376495361328,34.5063018798828,10.428046584129337,POINT (34.5063018798828 -14.1376495361328),131.145,0.38118112,60.0,10.128069
-14.1301298141479,35.253978729248,14.288238167762744,POINT (35.253978729248 -14.1301298141479),2.918823529411765,0.39787334,201.0,4.671576
-14.1254396438599,33.6027183532715,24.639501839876182,POINT (33.6027183532715 -14.1254396438599),160.98831070889895,0.38259113,197.5,26.204683
-14.1249799728394,34.2055816650391,0.6578919291496276,POINT (34.2055816650391 -14.1249799728394),170.29176470588234,0.4276075,269.0,21.266579
-14.1222696304321,34.3262100219727,26.834891960024834,POINT (34.3262100219727 -14.1222696304321),115.73884615384615,0.36504006,91.5,16.987738
-14.1084003448486,33.9774208068848,16.337741494178776,POINT (33.9774208068848 -14.1084003448486),193.3973076923077,0.4529307,237.0,27.531122
-14.1044397354126,33.4143714904785,21.27156762778759,POINT (33.4143714904785 -14.1044397354126),132.88576923076923,0.37784308,67.75,21.383291
-14.0908498764038,34.9160003662109,2.6437612175941503,POINT (34.9160003662109 -14.0908498764038),485.98196078431374,1.1962491,280.5,4.9506197
-14.0886898040771,34.5172805786133,15.09208470582962,POINT (34.5172805786133 -14.0886898040771),273.90158371040724,0.4026021,71.25,10.215676
-14.0878000259399,33.9263687133789,27.99630106985569,POINT (33.9263687133789 -14.0878000259399),327.4040753556325,0.6908611,281.25,28.732317
-14.0718097686768,33.8645515441895,11.484885849058633,POINT (33.8645515441895 -14.0718097686768),273.665,0.82932204,386.5,29.603712
-14.0559501647949,33.7145195007324,16.20254319906235,POINT (33.7145195007324 -14.0559501647949),494.00461538461536,1.1855454,285.0,29.519062
-14.0522203445435,33.4851112365723,36.835038416087635,POINT (33.4851112365723 -14.0522203445435),223.70626682045366,0.48377222,117.0,24.687998
-14.0500202178955,34.1231002807617,21.62381271272898,POINT (34.1231002807617 -14.0500202178955),236.15115384615385,0.6079912,241.0,25.232944
-14.0486297607422,33.7888298034668,4.47378343343735,POINT (33.7888298034668 -14.0486297607422),1681.6203846153846,5.020353,718.0,30.157701
-14.0441303253174,34.4917602539063,17.486797764897346,POINT (34.4917602539063 -14.0441303253174),157.1426923076923,0.39668077,82.5,11.47375
-14.0428495407104,34.3045082092285,37.51273894309998,POINT (34.3045082092285 -14.0428495407104),120.21683967704729,0.37656167,121.0,18.912989
-14.0375204086304,33.6994781494141,2.039123952388763,POINT (33.6994781494141 -14.0375204086304),1055.844675124952,2.2521915,285.0,29.660082
-14.0372104644775,33.8179817199707,5.482641607522961,POINT (33.8179817199707 -14.0372104644775),1893.3942307692307,4.702411,482.0,30.406847
-14.0370798110962,33.8024482727051,3.4096795916557374,POINT (33.8024482727051 -14.0370798110962),2294.896923076923,6.7673283,718.0,30.39954
-14.0359001159668,34.3325309753418,22.597350925207152,POINT (34.3325309753418 -14.0359001159668),39.93692307692308,0.5478332,60.5,17.868963
-14.0292501449585,33.772289276123,0.0,POINT (33.772289276123 -14.0292501449585),1806.2002262443439,6.286046,501.5,30.420454
-14.0271196365356,33.7771415710449,1.007283359766007,POINT (33.7771415710449 -14.0271196365356),2119.8498039215688,7.1691546,718.0,30.481707
-14.0239400863647,33.8091316223145,4.412341713905331,POINT (33.8091316223145 -14.0239400863647),2942.3592307692306,8.388437,718.0,30.602745
-14.0225801467896,33.828670501709,1.4791355133056625,POINT (33.828670501709 -14.0225801467896),2363.495294117647,5.6812773,708.5,30.61277
-14.0171298980713,33.8245811462402,4.044935703277588,POINT (33.8245811462402 -14.0171298980713),2834.336349924585,7.393952,708.5,30.699215
-14.0155601501465,33.7726097106934,0.0,POINT (33.7726097106934 -14.0155601501465),1952.3410226835833,7.872173,752.5,30.626324
-14.0151996612549,33.7350616455078,0.0,POINT (33.7350616455078 -14.0151996612549),1249.6854901960785,4.728083,752.5,30.39296
-14.0133199691772,33.7976112365723,0.0,POINT (33.7976112365723 -14.0133199691772),3325.318823529412,11.346257,1162.0,30.7469
-14.013219833374,33.8445014953613,0.31403942108154265,POINT (33.8445014953613 -14.013219833374),1558.0776923076924,3.7256474,708.5,30.713865
-14.0061902999878,33.3196983337402,13.309552982449532,POINT (33.3196983337402 -14.0061902999878),264.4044598231449,0.4414301,114.25,19.243969
-14.00172996521,33.6595993041992,9.875363424420353,POINT (33.6595993041992 -14.00172996521),407.2081447963801,1.1949722,314.0,29.618738
-14.0003995895386,33.7257690429688,2.477832198143,POINT (33.7257690429688 -14.0003995895386),1458.3984615384616,5.0719624,343.0,30.493631
-13.9996204376221,33.7579383850098,0.332721173763275,POINT (33.7579383850098 -13.9996204376221),1551.4243137254903,8.891904,752.5,30.761713
-13.9954395294189,33.8130187988281,0.0,POINT (33.8130187988281 -13.9954395294189),2612.3129565551712,8.675338,708.5,30.992523
-13.9951601028442,33.8054313659668,0.0,POINT (33.8054313659668 -13.9951601028442),2721.3883861236804,9.770379,1162.0,30.98834
-13.991060256958,34.5064315795898,9.766498804092407,POINT (34.5064315795898 -13.991060256958),269.3773076923077,0.54065275,99.5,11.147728
-13.9888496398926,33.0356101989746,17.900478363037106,POINT (33.0356101989746 -13.9888496398926),89.81737793156478,0.38226086,223.0,7.4055033
-13.9872798919678,33.7894401550293,2.3603641986846937,POINT (33.7894401550293 -13.9872798919678),2323.596153846154,11.036366,1162.0,31.049948
-13.9698600769043,33.3693885803223,9.733947768807408,POINT (33.3693885803223 -13.9698600769043),185.05153846153846,0.4573524,4.0,21.612734
-13.9612503051758,33.6136016845703,5.302933178842071,POINT (33.6136016845703 -13.9612503051758),213.46823529411765,0.875544,451.0,29.213419
-13.9607200622559,33.5564002990723,4.144163608551025,POINT (33.5564002990723 -13.9607200622559),118.13730769230769,0.42853683,233.0,27.883614
-13.9568700790405,34.0565605163574,22.72945798238118,POINT (34.0565605163574 -13.9568700790405),102.3118031526336,0.39484337,0.0,28.100502
-13.9555101394653,33.2108192443848,26.511750578880317,POINT (33.2108192443848 -13.9555101394653),179.89884615384616,0.40250143,277.0,14.899546
-13.9506998062134,33.948169708252,18.706361532211307,POINT (33.948169708252 -13.9506998062134),113.55923076923077,0.4788774,141.0,30.370943
-13.9479303359985,33.7437515258789,4.070179104804994,POINT (33.7437515258789 -13.9479303359985),2126.429230769231,7.5779033,1003.5,31.158262
-13.9478797912598,33.8127708435059,3.531386613845825,POINT (33.8127708435059 -13.9478797912598),1291.514705882353,9.156017,935.0,31.424643
-13.9473896026611,33.7439994812012,4.533956766128542,POINT (33.7439994812012 -13.9473896026611),2161.8115384615385,7.5779033,1003.5,31.158262
-13.9464302062988,33.7152709960938,1.0747241452336307,POINT (33.7152709960938 -13.9464302062988),895.5838461538461,2.6494558,401.0,30.906408
-13.93869972229,33.8227615356445,2.094072103500369,POINT (33.8227615356445 -13.93869972229),1173.393665158371,6.928912,625.5,31.467155
-13.9383296966553,34.5154800415039,30.913627773523327,POINT (34.5154800415039 -13.9383296966553),259.1215384615385,0.38878092,123.0,10.9009495
-13.9289102554321,33.8235092163086,6.080176576972007,POINT (33.8235092163086 -13.9289102554321),1000.4811538461538,5.83753,625.5,31.513823
-13.9239101409912,34.5238609313965,25.221715331077576,POINT (34.5238609313965 -13.9239101409912),238.60143288084464,0.38268778,78.0,10.5499935
-13.9190998077393,33.7366600036621,0.749928951263425,POINT (33.7366600036621 -13.9190998077393),1786.7923076923078,5.2541013,672.0,31.24503
-13.9155797958374,33.771541595459,1.4234503428141267,POINT (33.771541595459 -13.9155797958374),2440.173076923077,8.794633,672.0,31.469898
-13.9141397476196,33.5478591918945,19.815232291817665,POINT (33.5478591918945 -13.9141397476196),141.49653846153845,0.4330221,193.0,27.94417
-13.9108104705811,33.7731513977051,4.378895521163937,POINT (33.7731513977051 -13.9108104705811),2349.748076923077,8.514957,1013.5,31.48916
-13.9047002792358,33.7743797302246,3.68658024072647,POINT (33.7743797302246 -13.9047002792358),2295.201076509035,8.02792,1013.5,31.504616
-13.9007797241211,33.7801513671875,2.435597658157347,POINT (33.7801513671875 -13.9007797241211),2133.7690196078433,7.943754,1013.5,31.533413
-13.8985395431519,32.9834785461426,27.42987322807312,POINT (32.9834785461426 -13.8985395431519),150.6078431372549,0.39098847,172.5,5.7575083
-13.8955898284912,33.7527008056641,0.67010498046875,POINT (33.7527008056641 -13.8955898284912),2638.59169550173,5.92055,672.0,31.397804
-13.8911104202271,33.7685203552246,1.048102855682375,POINT (33.7685203552246 -13.8911104202271),2565.6270739064857,7.0346856,340.5,31.48945
-13.8906602859497,33.8871803283691,19.681790441274636,POINT (33.8871803283691 -13.8906602859497),135.0172549019608,0.5637676,211.0,31.259272
-13.8864803314209,33.7485389709473,0.0,POINT (33.7485389709473 -13.8864803314209),2177.963423831071,4.9236836,340.5,31.3703
-13.8853302001953,33.7500991821289,0.0,POINT (33.7500991821289 -13.8853302001953),2210.2496229260937,4.9746003,340.5,31.383846
-13.8803300857544,34.505859375,15.096204292029142,POINT (34.505859375 -13.8803300857544),98.96705882352941,0.37995037,129.5,11.163442
-13.8718204498291,33.4013710021973,23.454594016075134,POINT (33.4013710021973 -13.8718204498291),119.82239819004525,0.38950604,108.0,23.21346
-13.8573799133301,33.3024406433105,28.4363398551941,POINT (33.3024406433105 -13.8573799133301),112.54576923076922,0.3783876,0.0,19.127789
-13.8464403152466,33.2362899780273,21.660796180367466,POINT (33.2362899780273 -13.8464403152466),119.61176470588235,0.3939116,75.0,16.176878
-13.8449897766113,34.384090423584,47.89487850666046,POINT (34.384090423584 -13.8449897766113),77.08431372549019,0.402639,76.5,16.027395
-13.8434000015259,33.4235992431641,37.35807466506958,POINT (33.4235992431641 -13.8434000015259),165.34841628959276,0.45967153,130.25,23.992916
-13.837869644165,33.0589599609375,16.33047544956208,POINT (33.0589599609375 -13.837869644165),413.53582202111613,0.6753693,383.0,8.457334
-13.8296298980713,33.9146995544434,8.0318625275977,POINT (33.9146995544434 -13.8296298980713),159.56209150326796,0.5115111,182.25,30.701942
-13.8241901397705,35.0955505371094,15.080741167068476,POINT (35.0955505371094 -13.8241901397705),88.31680123029604,0.33791348,130.0,2.8803113
-13.8142595291138,33.0971183776855,28.5397070646286,POINT (33.0971183776855 -13.8142595291138),126.03960784313726,0.39258856,250.75,9.91606
-13.8042497634888,33.674690246582,41.29045528173448,POINT (33.674690246582 -13.8042497634888),135.8321568627451,0.439984,64.5,30.193027
-13.8006896972656,34.4177589416504,23.91259580850602,POINT (34.4177589416504 -13.8006896972656),178.9869230769231,0.50288075,250.0,14.268557
-13.800609588623,33.7534790039063,12.745693206787113,POINT (33.7534790039063 -13.800609588623),200.13333333333333,1.3257717,108.0,30.921469
-13.7989196777344,34.2940292358398,26.322445571422577,POINT (34.2940292358398 -13.7989196777344),38.643076923076926,0.40088886,204.0,19.427673
-13.7947797775269,34.463981628418,18.498413026332848,POINT (34.463981628418 -13.7947797775269),948.4344482891196,1.5744114,347.0,12.299889
-13.792519569397,32.8866806030273,7.407312542200089,POINT (32.8866806030273 -13.792519569397),860.1137254901961,1.1010029,310.0,3.0237637
-13.7920503616333,33.2354698181152,43.636158436536775,POINT (33.2354698181152 -13.7920503616333),90.30911188004613,0.42702922,150.0,15.875218
-13.7906904220581,34.534740447998,23.638874363154184,POINT (34.534740447998 -13.7906904220581),142.55153846153846,0.49680078,175.0,9.51993
-13.789529800415,33.5550498962402,31.662415266036987,POINT (33.5550498962402 -13.789529800415),159.04692307692306,0.3868958,0.0,27.701555
-13.7837696075439,34.6010894775391,3.504024244844913,POINT (34.6010894775391 -13.7837696075439),162.05151864667437,0.7013396,312.0,7.2028
-13.7778196334839,33.8201484680176,1.0211559534072867,POINT (33.8201484680176 -13.7778196334839),628.827843137255,1.170767,172.0,30.771593
-13.7768898010254,34.4567108154297,2.7690713405609126,POINT (34.4567108154297 -13.7768898010254),1236.9160784313726,2.1109693,347.0,12.433252
-13.7673997879028,32.9330406188965,16.564655810594566,POINT (32.9330406188965 -13.7673997879028),118.15378700499808,0.4307462,224.75,3.9987314
-13.7582302093506,32.8477096557617,12.63836753368378,POINT (32.8477096557617 -13.7582302093506),95.22134238310709,0.45990908,234.0,2.374532
-13.7463302612305,34.381519317627,9.111917376518244,POINT (34.381519317627 -13.7463302612305),260.9446366782007,0.5504508,246.0,15.122195
-13.7414503097534,32.9667587280273,17.15937674045563,POINT (32.9667587280273 -13.7414503097534),149.74884615384616,0.39895642,185.0,4.8111753
-13.7393198013306,34.1567306518555,28.4112189859152,POINT (34.1567306518555 -13.7393198013306),111.84076923076923,0.4091924,167.0,23.720535
-13.7334995269775,33.1918296813965,32.606752693653114,POINT (33.1918296813965 -13.7334995269775),113.79298642533936,0.4108731,222.0,13.399254
-13.7223701477051,33.8731498718262,26.437513168901212,POINT (33.8731498718262 -13.7223701477051),159.87217194570135,0.40868774,70.0,29.594633
-13.7213001251221,34.3323211669922,13.3833703994751,POINT (34.3323211669922 -13.7213001251221),99.57882352941176,0.4409762,355.0,16.774513
-13.7203397750854,33.9900817871094,23.55576241016388,POINT (33.9900817871094 -13.7203397750854),136.7719230769231,0.3916797,189.0,27.913336
-13.7150201797485,33.4016418457031,13.306744158267975,POINT (33.4016418457031 -13.7150201797485),118.40573152337858,0.41956043,112.5,21.900398
-13.7065601348877,33.7425498962402,43.02198266983033,POINT (33.7425498962402 -13.7065601348877),88.69058823529411,0.4123648,121.5,29.348066
-13.7048101425171,33.6004905700684,15.39687672257424,POINT (33.6004905700684 -13.7048101425171),244.96666666666667,0.5575059,252.5,27.470366
-13.7042303085327,32.8480491638184,7.774616047739981,POINT (32.8480491638184 -13.7042303085327),56.48135332564398,0.46664828,164.0,2.3067322
-13.6963796615601,34.5812492370605,9.045695126056671,POINT (34.5812492370605 -13.6963796615601),108.41176470588235,0.467264,281.5,7.066682
-13.691969871521,34.4607887268066,35.98187239468096,POINT (34.4607887268066 -13.691969871521),88.03653846153846,0.85794103,175.0,11.181599
-13.6910600662231,33.7964096069336,10.149796128273007,POINT (33.7964096069336 -13.6910600662231),227.21137254901961,0.48668194,178.0,29.18464
-13.6894397735596,33.7582015991211,37.64601755142212,POINT (33.7582015991211 -13.6894397735596),181.4563629373318,0.4807689,121.5,29.066927
-13.688850402832,32.8800582885742,16.619270563125607,POINT (32.8800582885742 -13.688850402832),31.414117647058823,0.45860618,174.5,2.6672974
-13.6808996200562,34.2480812072754,16.707140654325496,POINT (34.2480812072754 -13.6808996200562),77.9807843137255,0.44994035,231.5,19.324015
-13.6740598678589,34.9760093688965,34.826486587524414,POINT (34.9760093688965 -13.6740598678589),33.068627450980394,0.33905816,82.5,2.4763167
-13.6663703918457,34.1038703918457,28.12947097420692,POINT (34.1038703918457 -13.6663703918457),108.58884615384615,0.39299464,249.5,23.852142
-13.6645698547363,33.6965217590332,9.183952305465937,POINT (33.6965217590332 -13.6645698547363),193.22117647058823,0.45407963,92.5,28.033997
-13.6418104171753,33.3506202697754,12.937429964542392,POINT (33.3506202697754 -13.6418104171753),97.6647443291042,0.38934976,160.0,18.566145
-13.6401195526123,33.1221313476563,21.52859645336866,POINT (33.1221313476563 -13.6401195526123),102.69607843137256,0.4067742,96.0,9.348936
-13.6323699951172,33.9716606140137,18.24498024582864,POINT (33.9716606140137 -13.6323699951172),133.67538461538462,0.4102549,335.0,26.075808
-13.6294002532959,32.934009552002,15.246282458305362,POINT (32.934009552002 -13.6294002532959),171.96980392156863,0.4078702,151.0,3.37224
-13.6208200454712,33.8025588989258,26.780523777008057,POINT (33.8025588989258 -13.6208200454712),134.711161387632,0.42942536,112.0,27.32282
-13.6125202178955,33.228630065918,19.506049938499935,POINT (33.228630065918 -13.6125202178955),108.08597285067873,0.45490825,268.0,13.14012
-13.6096696853638,34.1945495605469,39.73228055238725,POINT (34.1945495605469 -13.6096696853638),67.94235294117647,0.40585622,236.0,19.4668
-13.6001596450806,33.9002304077148,5.4998888969421404,POINT (33.9002304077148 -13.6001596450806),90.9,0.411432,197.25,26.130836
-13.5738096237183,34.3303413391113,27.457487881183617,POINT (34.3303413391113 -13.5738096237183),189.1250980392157,0.4268924,138.25,13.674794
-13.5675897598267,32.8633308410645,29.088329911232005,POINT (32.8633308410645 -13.5675897598267),55.64230769230769,0.4389191,160.5,2.2437677
-13.5593595504761,33.5165100097656,20.986870929598812,POINT (33.5165100097656 -13.5593595504761),164.22606689734718,0.44697618,102.0,21.742393
-13.5561800003052,34.3863487243652,33.8311739563942,POINT (34.3863487243652 -13.5561800003052),174.70313725490197,0.3949585,2.0,11.25027
-13.5394802093506,33.7365112304688,12.109142705798146,POINT (33.7365112304688 -13.5394802093506),680.6711915535445,1.663035,99.5,24.504257
-13.5345401763916,32.8610496520996,25.15248012542724,POINT (32.8610496520996 -13.5345401763916),57.237647058823526,0.4210985,191.0,2.1938288
-13.530179977417,33.7944107055664,9.979236543178557,POINT (33.7944107055664 -13.530179977417),172.63009049773757,0.52998525,0.0,24.285288
-13.5300798416138,33.8973693847656,23.13434147834778,POINT (33.8973693847656 -13.5300798416138),160.95655517108804,0.41957915,118.0,23.733742
-13.5294399261475,34.2169609069824,9.395801127888264,POINT (34.2169609069824 -13.5294399261475),39.35678585159554,0.39294568,200.0,16.297543
-13.5187997817993,34.2733497619629,25.29626393318177,POINT (34.2733497619629 -13.5187997817993),149.35647058823528,0.41845545,160.0,14.132115
-13.5010204315186,33.7112884521484,22.63710314035416,POINT (33.7112884521484 -13.5010204315186),190.0230680507497,0.57165974,211.0,22.906218
-13.4854402542114,33.2660713195801,29.330773711204518,POINT (33.2660713195801 -13.4854402542114),95.68061840120663,0.42116794,197.25,11.621884
-13.4842395782471,33.8846397399902,9.98254907131195,POINT (33.8846397399902 -13.4842395782471),117.71686274509804,0.40545034,66.0,22.060436
-13.4657802581787,34.0375518798828,14.749882757663723,POINT (34.0375518798828 -13.4657802581787),121.43384615384615,0.3989404,84.0,19.005772
-13.4463396072388,33.4062004089355,14.797433376312263,POINT (33.4062004089355 -13.4463396072388),210.4003846153846,0.6062656,83.5,14.971145
-13.4461297988892,33.8257102966309,23.750396519899375,POINT (33.8257102966309 -13.4461297988892),196.16262975778545,0.44929647,90.0,20.89595
-13.4426298141479,33.0125198364258,32.80864146351815,POINT (33.0125198364258 -13.4426298141479),68.23,0.41698167,84.5,3.5072799
-13.432089805603,33.9660301208496,23.824103176593773,POINT (33.9660301208496 -13.432089805603),115.84588235294117,0.5200459,232.5,18.940212
-13.4309701919556,34.2332305908203,15.276666227728128,POINT (34.2332305908203 -13.4309701919556),85.7235294117647,0.38442448,102.25,12.620899
-13.4275798797607,33.2661094665527,31.681112825870514,POINT (33.2661094665527 -13.4275798797607),121.65761689291101,0.40301344,90.75,10.074322
-13.4275503158569,34.2765617370605,18.32715711742641,POINT (34.2765617370605 -13.4275503158569),126.41553544494721,0.41054434,91.5,11.209078
-13.4187698364258,33.6028785705566,0.12468447536230062,POINT (33.6028785705566 -13.4187698364258),384.15923076923076,0.691241,123.0,18.353638
-13.417140007019,34.0313301086426,23.261427998542782,POINT (34.0313301086426 -13.417140007019),115.01576923076924,0.35349458,66.0,17.206867
-13.4054403305054,33.5761604309082,14.470027849078177,POINT (33.5761604309082 -13.4054403305054),127.19807692307693,0.47015056,123.0,17.37143
-13.399359703064,33.8680381774902,1.836472332477568,POINT (33.8680381774902 -13.399359703064),179.43329488658208,0.42632464,84.5,18.681639
-13.3887796401978,33.8467102050781,5.454959064722063,POINT (33.8467102050781 -13.3887796401978),138.67607843137256,0.42491347,75.5,18.32178
-13.3868198394775,33.1138305664063,34.9624028801918,POINT (33.1138305664063 -13.3868198394775),98.86730769230769,0.42692238,0.0,4.9121313
-13.3857898712158,33.7499389648438,10.556889727711672,POINT (33.7499389648438 -13.3857898712158),144.84901960784313,0.41943043,65.5,18.284117
-13.3847904205322,33.7668991088867,18.528235122561462,POINT (33.7668991088867 -13.3847904205322),137.15912518853696,0.41104975,65.5,18.263079
-13.3802700042725,34.1984214782715,18.092982172966007,POINT (34.1984214782715 -13.3802700042725),24.59843137254902,0.38890076,13.0,11.877311
-13.3797302246094,34.0458908081055,27.469928681850437,POINT (34.0458908081055 -13.3797302246094),49.418846153846154,0.36900502,48.0,15.398001
-13.3735303878784,33.9285888671875,19.2844859957695,POINT (33.9285888671875 -13.3735303878784),374.94963475586314,0.69254416,168.0,17.000683
-13.3656902313232,33.4001083374023,17.053375065326687,POINT (33.4001083374023 -13.3656902313232),100.35254901960785,0.4309345,73.5,12.000444
-13.3579998016357,33.4899482727051,16.875227421522148,POINT (33.4899482727051 -13.3579998016357),127.37985390234525,0.5090079,59.0,13.800048
-13.3567304611206,33.7945899963379,14.578824907541277,POINT (33.7945899963379 -13.3567304611206),132.1627450980392,0.3986194,0.0,16.993338
-13.3529195785522,33.9108009338379,4.039291588589551,POINT (33.9108009338379 -13.3529195785522),493.3227450980392,0.7488213,126.25,16.28925
-13.3430795669556,33.9630699157715,22.640814244747162,POINT (33.9630699157715 -13.3430795669556),98.4321568627451,0.4237962,93.0,15.238244
-13.3342800140381,33.8982086181641,4.4348452687263515,POINT (33.8982086181641 -13.3342800140381),272.8477508650519,0.5721056,126.25,15.555475
-13.3213500976563,33.509220123291,30.745424345135685,POINT (33.509220123291 -13.3213500976563),120.8477508650519,0.47683313,162.0,12.783467
-13.3027095794678,34.1166305541992,3.6503106355667123,POINT (34.1166305541992 -13.3027095794678),162.4126923076923,0.4792081,93.0,10.984948
-13.2934198379517,33.5790786743164,23.586852312088016,POINT (33.5790786743164 -13.2934198379517),72.38923076923076,0.4291913,228.0,12.740755
-13.2669696807861,34.1583595275879,6.0803782939910995,POINT (34.1583595275879 -13.2669696807861),57.78470588235294,0.44444683,103.0,8.895766
-13.2663602828979,33.9988784790039,17.546857506036755,POINT (33.9988784790039 -13.2663602828979),137.31882352941176,0.38200885,23.25,11.59871
-13.232569694519,33.8411712646484,8.007240116596218,POINT (33.8411712646484 -13.232569694519),109.50249903883122,0.37690198,100.0,11.483305
-13.2268600463867,33.8662605285645,11.004078060388563,POINT (33.8662605285645 -13.2268600463867),113.37882352941176,1.7194653,202.0,11.162055
-13.2251996994019,33.713680267334,16.58234196901321,POINT (33.713680267334 -13.2251996994019),117.0105580693816,0.37489718,181.0,11.11785
-13.225040435791,33.7911911010742,18.960978776216514,POINT (33.7911911010742 -13.225040435791),125.27176470588235,0.3666991,30.0,11.248905
-13.2130899429321,33.5946311950684,20.75043225288392,POINT (33.5946311950684 -13.2130899429321),104.31692307692308,0.44906092,180.0,9.743121
-13.211389541626,34.3153495788574,1.1057014712132514,POINT (34.3153495788574 -13.211389541626),329.5694117647059,0.5551214,99.5,4.622202
-13.2097597122192,34.2166786193848,15.723499119281758,POINT (34.2166786193848 -13.2097597122192),63.88504421376394,0.5124141,220.0,6.130124
-13.1838598251343,33.2934303283691,9.389068126678463,POINT (33.2934303283691 -13.1838598251343),37.94615384615385,0.42219314,136.0,4.5649066
-13.1833600997925,33.8633995056152,9.439045339822764,POINT (33.8633995056152 -13.1833600997925),137.51749327181852,0.37627962,220.0,9.443951
-13.1541299819946,34.1675491333008,17.409936606884006,POINT (34.1675491333008 -13.1541299819946),26.480392156862745,0.44790387,74.75,5.5067463
-13.1488704681396,34.3321990966797,11.349000811576843,POINT (34.3321990966797 -13.1488704681396),53.52235294117647,0.35339648,125.33333333333333,3.5027845
-13.1408195495605,33.4757614135742,23.066282182931896,POINT (33.4757614135742 -13.1408195495605),133.20653846153846,0.40715596,302.0,6.0119333
-13.1383304595947,33.9057388305664,15.862885281443596,POINT (33.9057388305664 -13.1383304595947),131.70665128796617,0.39780954,225.5,7.6528354
-13.1010704040527,33.7375411987305,12.913002148270614,POINT (33.7375411987305 -13.1010704040527),109.42346153846154,0.37522775,217.75,6.75797
-13.1000604629517,34.3060417175293,17.983931899070743,POINT (34.3060417175293 -13.1000604629517),223.06485671191552,0.41952124,225.5,3.1967802
-13.076470375061,33.3061904907227,17.967183470726003,POINT (33.3061904907227 -13.076470375061),74.10307692307693,0.41881242,173.0,3.2882535
-13.0690603256226,33.3929710388184,28.07788620889187,POINT (33.3929710388184 -13.0690603256226),102.66,0.42270863,267.0,3.837246
-13.0677404403687,33.5782699584961,7.484792590141296,POINT (33.5782699584961 -13.0677404403687),95.39555052790347,0.41752535,367.75,5.203065
-13.0519399642944,33.4975204467773,9.050699591636661,POINT (33.4975204467773 -13.0519399642944),964.6303846153846,2.6184185,440.5,4.3660216
-13.0454502105713,34.2270393371582,19.07601869106293,POINT (34.2270393371582 -13.0454502105713),60.68156862745098,0.40958124,137.0,3.2358637
-13.0108995437622,33.5837593078613,12.460111618041982,POINT (33.5837593078613 -13.0108995437622),55.92038461538461,0.38320896,206.0,4.3115225
-12.9959602355957,33.8199501037598,23.39248532056808,POINT (33.8199501037598 -12.9959602355957),110.73769230769231,0.39397562,184.75,4.5885606
-12.9611902236938,34.2550086975098,17.28861123509705,POINT (34.2550086975098 -12.9611902236938),167.91607843137254,0.447136,254.0,2.1953619
-12.943320274353,34.2619590759277,11.98214316368103,POINT (34.2619590759277 -12.943320274353),505.75150829562597,1.077684,254.0,1.9997859
-12.9386396408081,34.2872314453125,5.375965625047682,POINT (34.2872314453125 -12.9386396408081),926.514801999231,1.5508008,241.5,1.8088982
-12.8904304504395,33.5020713806152,14.263478219509127,POINT (33.5020713806152 -12.8904304504395),104.44306184012066,0.39389962,185.0,3.0936122
-12.8649396896362,33.9219703674316,20.6820191219449,POINT (33.9219703674316 -12.8649396896362),136.19019607843137,0.38040367,139.5,3.1989238
-12.8630504608154,33.7195205688477,33.85487633943559,POINT (33.7195205688477 -12.8630504608154),162.09254901960784,1.6530174,89.0,3.4842298
-12.8140296936035,34.2050094604492,21.601457297801975,POINT (34.2050094604492 -12.8140296936035),188.5850980392157,0.43616942,200.0,1.5334172
-12.7848997116089,33.6926002502441,17.017484083771702,POINT (33.6926002502441 -12.7848997116089),104.64291101055807,0.36756662,0.0,3.1468244
-12.735179901123,34.1727981567383,11.659914478659632,POINT (34.1727981567383 -12.735179901123),177.3513725490196,0.5032854,83.25,1.4964247
-12.7194404602051,33.4780197143555,19.667854607105255,POINT (33.4780197143555 -12.7194404602051),233.72156862745098,0.44174874,240.5,2.7606268
-12.7051296234131,33.2996101379395,19.785302340984348,POINT (33.2996101379395 -12.7051296234131),118.15450980392157,0.40165007,8.0,2.154756
-12.6483497619629,33.4777183532715,16.30487675964832,POINT (33.4777183532715 -12.6483497619629),143.27411764705883,0.3676095,284.25,2.8384705
-12.6448698043823,33.3255195617676,25.3529171347618,POINT (33.3255195617676 -12.6448698043823),167.10444947209652,0.38200116,192.25,2.3256693
-12.6419296264648,34.1667709350586,6.234682083129881,POINT (34.1667709350586 -12.6419296264648),180.3976923076923,0.52570933,153.5,1.5187122
-12.6098203659058,33.5945816040039,4.3337966799736005,POINT (33.5945816040039 -12.6098203659058),192.45,0.39680034,288.5,3.0881844
-12.5437498092651,34.0588111877441,9.634897708892826,POINT (34.0588111877441 -12.5437498092651),53.588846153846156,0.49151424,0.0,2.095102
-12.5109395980835,33.4832801818848,20.350881695747386,POINT (33.4832801818848 -12.5109395980835),90.28941176470589,0.37832654,196.0,3.010715
-12.4971504211426,34.1713104248047,0.0,POINT (34.1713104248047 -12.4971504211426),110.50153846153846,1.0975904,142.5,1.7411327
-12.4891901016235,34.1011581420898,2.590947166085244,POINT (34.1011581420898 -12.4891901016235),352.42945021145715,0.9884849,120.5,2.0539956
-12.4417695999146,33.7865180969238,12.657662987709044,POINT (33.7865180969238 -12.4417695999146),102.61822376009228,0.4083562,109.0,3.1427891
-12.4123201370239,34.0143203735352,9.397741794586187,POINT (34.0143203735352 -12.4123201370239),99.280276816609,0.39199206,33.25,2.6696084
-12.3386297225952,34.0457000732422,2.750350743532183,POINT (34.0457000732422 -12.3386297225952),102.48745098039215,0.43120703,171.0,2.945192
-12.3384704589844,33.7378196716309,21.113109588623033,POINT (33.7378196716309 -12.3384704589844),62.28078431372549,0.40989044,8.75,3.4320335
-12.3325996398926,34.0191116333008,9.0518005490303,POINT (34.0191116333008 -12.3325996398926),153.93733179546328,0.42365438,103.5,3.0549765
-12.2796401977539,33.4571189880371,14.921072278637435,POINT (33.4571189880371 -12.2796401977539),81.46597462514417,0.3734028,81.0,3.1911833
-12.2150497436523,33.4475898742676,27.077308773994446,POINT (33.4475898742676 -12.2150497436523),107.4878431372549,0.3591962,375.0,3.1847827
-12.1935501098633,33.6799583435059,4.803749784827231,POINT (33.6799583435059 -12.1935501098633),114.90772779700116,0.36958325,96.5,3.7869632
-12.1007499694824,33.3503799438477,11.145152568817144,POINT (33.3503799438477 -12.1007499694824),106.58509803921568,0.3509201,156.25,2.8309844
-12.0840301513672,34.7168807983398,5.438695311546325,POINT (34.7168807983398 -12.0840301513672),199.20901960784315,0.4688308,745.5,1.334709
-12.0600004196167,34.053409576416,0.7308444380760187,POINT (34.053409576416 -12.0600004196167),81.08919646289888,0.42403516,146.0,4.4171925
-12.0468702316284,33.646240234375,4.481022119522094,POINT (33.646240234375 -12.0468702316284),13.867843137254901,0.35827565,183.5,4.014014
-12.0227899551392,34.6223297119141,1.9547998011112238,POINT (34.6223297119141 -12.0227899551392),89.77725490196079,0.3519106,0.0,1.9990493
-11.9890403747559,33.5845489501953,11.9096976518631,POINT (33.5845489501953 -11.9890403747559),47.50769230769231,0.3641484,169.75,3.8144588
-11.9682703018188,34.0801391601563,3.4528049826622,POINT (34.0801391601563 -11.9682703018188),119.52287581699346,0.3748326,194.0,4.6679707
-11.8856601715088,34.1372718811035,5.89528459310532,POINT (34.1372718811035 -11.8856601715088),205.74627450980392,0.43126017,210.0,4.69108
-11.818829536438,34.146240234375,1.3724371492862688,POINT (34.146240234375 -11.818829536438),292.541568627451,0.83347297,163.5,4.7278166
-11.8008003234863,33.4245109558105,8.04146167635917,POINT (33.4245109558105 -11.8008003234863),132.03267973856208,0.39743462,205.5,2.7669754
-11.7771396636963,34.2273597717285,0.4373137950897219,POINT (34.2273597717285 -11.7771396636963),170.96193771626298,0.40478444,248.0,4.475307
-11.7719297409058,34.0525093078613,11.788065552711481,POINT (34.0525093078613 -11.7719297409058),47.600392156862746,0.38689843,0.0,4.899384
-11.7656097412109,34.1592483520508,7.550397932529454,POINT (34.1592483520508 -11.7656097412109),48.845882352941175,0.3824023,90.25,4.691558
-11.7562599182129,33.4206886291504,7.773542165756232,POINT (33.4206886291504 -11.7562599182129),118.16269230769231,0.38104323,175.0,2.6345975
-11.7442302703857,33.938549041748,3.0872530937194838,POINT (33.938549041748 -11.7442302703857),60.19684736639754,0.3781353,0.0,4.865452
-11.6976203918457,34.2677307128906,1.1762095689773562,POINT (34.2677307128906 -11.6976203918457),90.61529411764705,0.3994716,110.0,4.310743
-11.6905899047852,34.088451385498,2.7726190686225936,POINT (34.088451385498 -11.6905899047852),129.55882352941177,0.4491783,8.5,4.7406654
-11.6629295349121,34.2350997924805,0.0,POINT (34.2350997924805 -11.6629295349121),120.53490196078431,0.45502514,154.5,4.378098
-11.6494998931885,34.2727584838867,2.4541876912116973,POINT (34.2727584838867 -11.6494998931885),138.85764705882352,0.48591766,154.5,4.2471905
-11.6278800964355,34.1766014099121,0.0,POINT (34.1766014099121 -11.6278800964355),94.9838523644752,0.4073661,110.5,4.458502
-11.5941400527954,34.2857818603516,2.9743150472641,POINT (34.2857818603516 -11.5941400527954),389.5078431372549,0.89994186,126.0,4.1329503
-11.5842599868774,34.2254219055176,1.549639582633975,POINT (34.2254219055176 -11.5842599868774),170.27576923076924,0.41477063,144.5,4.260766
-11.581130027771,34.0184516906738,1.1409952640533438,POINT (34.0184516906738 -11.581130027771),51.649750096116875,0.38135803,166.5,4.4471073
-11.5567302703857,34.1672286987305,0.83874624967575,POINT (34.1672286987305 -11.5567302703857),158.25019607843137,0.44348696,136.0,4.2902145
-11.5144701004028,33.4363403320313,7.047608733177188,POINT (33.4363403320313 -11.5144701004028),121.24313725490197,0.36145288,248.75,1.8584217
-11.5144500732422,33.5005111694336,14.695809692144394,POINT (33.5005111694336 -11.5144500732422),131.90745098039216,0.36434737,228.0,2.1901684
-11.4902095794678,33.9674110412598,2.0074329376220685,POINT (33.9674110412598 -11.4902095794678),440.67764705882354,0.8286111,247.5,4.0047526
-11.4816198348999,34.007740020752,2.983757853508,POINT (34.007740020752 -11.4816198348999),989.9403921568628,2.513945,356.75,4.02307
-11.4777097702026,34.0180702209473,0.0,POINT (34.0180702209473 -11.4777097702026),1092.6997308727412,2.8409626,356.75,4.0149646
-11.4722700119019,34.0115814208984,0.0,POINT (34.0115814208984 -11.4722700119019),1447.232987312572,3.4324434,517.5,3.9832392
-11.4570398330688,33.9976081848145,0.5331239104270937,POINT (33.9976081848145 -11.4570398330688),2258.6403921568626,4.725671,517.5,3.895939
-11.4563703536987,34.0050086975098,0.0,POINT (34.0050086975098 -11.4563703536987),2335.219607843137,5.037575,517.5,3.8999538
-11.4543800354004,34.027400970459,0.0,POINT (34.027400970459 -11.4543800354004),1847.3070588235294,4.522533,731.0,3.919907
-11.4534902572632,33.964958190918,0.8922409117221831,POINT (33.964958190918 -11.4534902572632),840.8949019607843,1.4271502,304.0,3.8226607
-11.4519596099854,34.257511138916,3.1386161446571412,POINT (34.257511138916 -11.4519596099854),49.89081122645136,0.67277443,0.0,3.8686402
-11.4500102996826,34.0061492919922,0.6129567027091981,POINT (34.0061492919922 -11.4500102996826),2380.9584775086505,5.218132,517.5,3.875371
-11.4496898651123,33.9781188964844,1.9228382110595688,POINT (33.9781188964844 -11.4496898651123),1319.634117647059,2.341415,517.5,3.82934
-11.4480495452881,34.0106315612793,1.0785938501358063,POINT (34.0106315612793 -11.4480495452881),2308.9529411764706,5.348702,517.5,3.8691483
-11.4434204101563,33.9962882995605,0.0,POINT (33.9962882995605 -11.4434204101563),2196.1317647058822,4.8183694,517.5,3.829703
-11.443229675293,34.0168800354004,0.0,POINT (34.0168800354004 -11.443229675293),2140.5760784313725,5.4376154,517.5,3.8582065
-11.4400796890259,33.9777984619141,3.6403657793998714,POINT (33.9777984619141 -11.4400796890259),1317.7324106113033,2.33362,517.5,3.7833533
-11.43577003479,34.0161590576172,4.122790649533276,POINT (34.0161590576172 -11.43577003479),1999.6823529411765,5.2825627,456.25,3.8202267
-11.4305295944214,34.0238609313965,0.0,POINT (34.0238609313965 -11.4305295944214),1571.4980392156863,4.088866,523.5,3.811809
-11.4285001754761,34.0180816650391,2.460947275161744,POINT (34.0180816650391 -11.4285001754761),1735.7003921568628,4.633667,456.25,3.791651
-11.4277896881104,34.0173797607422,1.2304872274398813,POINT (34.0173797607422 -11.4277896881104),1743.3411764705882,4.633667,456.25,3.791651
-11.4170999526978,33.6656112670898,0.8516845107078562,POINT (33.6656112670898 -11.4170999526978),109.8635140330642,0.37234303,233.5,2.5775468
-11.4060697555542,33.990909576416,5.320833712816239,POINT (33.990909576416 -11.4060697555542),1303.8792772010765,3.0785012,456.25,3.6532137
-11.4000301361084,34.0081214904785,0.0,POINT (34.0081214904785 -11.4000301361084),1031.7039215686275,2.8785093,456.25,3.6565347
-11.3962297439575,34.0061683654785,2.018755197525025,POINT (34.0061683654785 -11.3962297439575),972.5920799692426,2.351853,456.25,3.6421547
-11.3837995529175,33.8790283203125,2.4569127559661874,POINT (33.8790283203125 -11.3837995529175),495.69607843137254,0.96627986,323.0,3.2663002
-11.3789596557617,33.8708610534668,6.87701988220215,POINT (33.8708610534668 -11.3789596557617),543.8443137254902,0.9704592,323.0,3.2168221
-11.3422899246216,34.1177101135254,0.4833099544048306,POINT (34.1177101135254 -11.3422899246216),99.1038062283737,0.3648503,32.5,3.6480758
-11.3145704269409,33.9706687927246,1.260158736258746,POINT (33.9706687927246 -11.3145704269409),98.159169550173,0.41397363,266.0,3.2924001
-11.2786998748779,33.5016784667969,9.059109516441826,POINT (33.5016784667969 -11.2786998748779),99.93490196078432,0.3662011,317.0,1.134025
-11.2140798568726,34.1311111450195,4.62935048341751,POINT (34.1311111450195 -11.2140798568726),49.520184544406,0.38789916,81.0,3.4445004
-11.1545896530151,33.8852500915527,7.630022436380388,POINT (33.8852500915527 -11.1545896530151),215.4063821607074,0.40119424,282.5,2.6064174
-11.0274801254272,33.845890045166,0.023936778306961063,POINT (33.845890045166 -11.0274801254272),641.084705882353,1.3787849,284.0,2.2848074
-11.0198497772217,33.7740211486816,5.151737272739412,POINT (33.7740211486816 -11.0198497772217),177.34871203383315,0.39837405,169.5,1.8637599
-11.0122699737549,33.851261138916,0.0,POINT (33.851261138916 -11.0122699737549),660.8858823529412,1.5723835,153.25,2.3116865
-11.0051498413086,33.5626907348633,9.258007079362873,POINT (33.5626907348633 -11.0051498413086),89.0880430603614,0.4141266,175.25,0.6766911
-10.9884796142578,33.7237892150879,9.605789184570309,POINT (33.7237892150879 -10.9884796142578),307.5247058823529,0.466532,387.5,1.5582143
-10.9779500961304,33.9525489807129,5.258412480354306,POINT (33.9525489807129 -10.9779500961304),194.04980392156864,0.4149616,272.0,2.8258977
-10.9642200469971,33.5910186767578,3.9007750153541565,POINT (33.5910186767578 -10.9642200469971),129.6913725490196,0.37843698,170.5,0.8189126
-10.9604902267456,33.7546997070313,0.0,POINT (33.7546997070313 -10.9604902267456),415.08535178777396,0.483334,234.5,1.7476735
-10.9282903671265,33.9354782104492,1.9834862947464,POINT (33.9354782104492 -10.9282903671265),142.04998077662438,0.40685797,86.25,2.7758498
-10.9258899688721,34.0708198547363,4.846094436943528,POINT (34.0708198547363 -10.9258899688721),65.36196078431372,0.36880368,84.25,3.2694254
-10.9029302597046,34.0634117126465,2.6063451170921343,POINT (34.0634117126465 -10.9029302597046),83.6078431372549,0.4062034,84.25,3.26928
-10.8784103393555,33.579719543457,2.2111944556236294,POINT (33.579719543457 -10.8784103393555),95.27529411764706,0.36458245,275.0,0.89164865
-10.8450899124146,33.9892501831055,2.9267495473225917,POINT (33.9892501831055 -10.8450899124146),186.21764705882353,0.43394312,136.25,3.179829
-10.8397998809814,33.447380065918,6.900990605354313,POINT (33.447380065918 -10.8397998809814),50.37647058823529,0.35860395,127.0,0.36430982
-10.8377304077148,33.9726791381836,1.3255293369293188,POINT (33.9726791381836 -10.8377304077148),56.16378316032295,0.6842604,49.5,3.148661
-10.8336896896362,33.5321388244629,11.035859107971193,POINT (33.5321388244629 -10.8336896896362),163.12666666666667,0.39061794,375.5,0.7505829
-10.8140802383423,34.0060806274414,0.30238676071167,POINT (34.0060806274414 -10.8140802383423),173.61764705882354,0.39561787,136.25,3.353661
-10.7936897277832,34.0494499206543,3.601574718952177,POINT (34.0494499206543 -10.7936897277832),133.36063052672048,0.38285545,138.0,3.5517752
-10.7078504562378,34.0358810424805,5.712285459041594,POINT (34.0358810424805 -10.7078504562378),121.8323721645521,0.6213615,259.0,4.013384
-10.683500289917,34.1934089660645,4.418138459324839,POINT (34.1934089660645 -10.683500289917),102.9872,0.48839206,393.5,4.154267
-10.6501703262329,34.1078186035156,6.182256296277046,POINT (34.1078186035156 -10.6501703262329),100.5920799692426,0.42494124,345.5,4.491398
-10.5616703033447,34.1502799987793,17.50275617837906,POINT (34.1502799987793 -10.5616703033447),135.29254901960783,0.41870204,270.0,5.184979
-10.4913902282715,34.1384582519531,5.38953310251236,POINT (34.1384582519531 -10.4913902282715),131.6412,0.6039074,67.0,5.783685
-10.4524898529053,34.2000503540039,0.650384068489075,POINT (34.2000503540039 -10.4524898529053),377.26156862745097,0.53130925,406.0,5.9020658
-10.4448204040527,34.1068000793457,9.495001107454302,POINT (34.1068000793457 -10.4448204040527),143.43406382160708,0.4850178,134.0,6.2157407
-10.3432397842407,34.0757713317871,15.23722219467163,POINT (34.0757713317871 -10.3432397842407),49.89696270665129,0.40260878,36.75,7.06739
-10.3372097015381,34.1788101196289,7.907893657684322,POINT (34.1788101196289 -10.3372097015381),123.61803921568628,0.35620698,97.5,6.742739
-10.336799621582,33.6489906311035,0.09603440761566187,POINT (33.6489906311035 -10.336799621582),204.90965013456363,0.4204001,110.5,5.8239408
-10.2648496627808,34.0619010925293,8.62229138612748,POINT (34.0619010925293 -10.2648496627808),10.772941176470589,0.33498466,136.0,7.636511
-10.2578401565552,33.6153717041016,16.927390217781067,POINT (33.6153717041016 -10.2578401565552),63.19372549019608,0.5875753,206.0,6.3470116
-10.2397403717041,33.6369094848633,13.82883486151696,POINT (33.6369094848633 -10.2397403717041),72.57862360630527,0.53399986,206.0,6.700349
-10.1529998779297,34.0250015258789,9.355327010154724,POINT (34.0250015258789 -10.1529998779297),126.1878431372549,0.33452514,145.5,8.342474
-10.0754804611206,33.3908882141113,24.36466965079308,POINT (33.3908882141113 -10.0754804611206),86.2764705882353,0.3553544,71.0,5.4518337
-10.049750328064,33.9697494506836,17.1546055674553,POINT (33.9697494506836 -10.049750328064),175.96980392156863,0.38408202,158.0,8.805327
-9.99917030334473,33.426700592041,11.123679280281063,POINT (33.426700592041 -9.99917030334473),39.6078431372549,0.35625687,162.0,6.2512813
-9.96632957458496,33.9085693359375,8.975220322608944,POINT (33.9085693359375 -9.96632957458496),890.741568627451,1.6046624,434.0,8.976842
-9.9494104385376,33.9434700012207,5.495735913515091,POINT (33.9434700012207 -9.9494104385376),737.792,1.4477448,693.0,8.875216
-9.94791030883789,33.9062309265137,1.74579083919525,POINT (33.9062309265137 -9.94791030883789),1173.9081122645136,1.7321907,434.0,8.961748
-9.9284496307373,33.9324417114258,2.360771253705026,POINT (33.9324417114258 -9.9284496307373),934.6952941176471,1.5296475,303.5,8.868022
-9.92695999145508,33.9216804504395,3.391159594058995,POINT (33.9216804504395 -9.92695999145508),1006.296862745098,1.5468748,303.5,8.893866
-9.89101028442383,33.8277893066406,4.3384670689702025,POINT (33.8277893066406 -9.89101028442383),48.901191849288736,0.38727,54.0,8.907562
-9.88020992279053,33.9195289611816,9.078285589814184,POINT (33.9195289611816 -9.88020992279053),200.120338331411,0.38083094,173.0,8.765068
-9.86328983306885,33.6397018432617,15.343827992677685,POINT (33.6397018432617 -9.86328983306885),37.656470588235294,0.37651578,103.0,8.269346
-9.84584999084473,33.4064903259277,12.13171410560608,POINT (33.4064903259277 -9.84584999084473),101.74117647058823,0.36890364,335.0,6.4689865
-9.8111400604248,33.8383598327637,13.861763238906864,POINT (33.8383598327637 -9.8111400604248),257.63882352941175,0.3918845,96.75,8.60333
-9.78184986114502,33.3635101318359,8.585651248693473,POINT (33.3635101318359 -9.78184986114502),99.48196078431373,0.36890224,418.0,6.0929418
-9.77787017822266,33.447380065918,4.7874534130096436,POINT (33.447380065918 -9.77787017822266),162.71450980392157,0.38579702,332.0,6.812556
-9.76852989196777,33.8422889709473,5.451341353356839,POINT (33.8422889709473 -9.76852989196777),325.17339484813533,0.394807,123.5,8.360851
-9.76850986480713,33.8598289489746,3.719822347164155,POINT (33.8598289489746 -9.76850986480713),353.46905036524413,0.40469283,173.5,8.33419
-9.7655200958252,33.8683586120605,9.554726094007494,POINT (33.8683586120605 -9.7655200958252),348.54274509803923,0.4016256,173.5,8.300937
-9.74543952941895,33.8212013244629,11.272808790206906,POINT (33.8212013244629 -9.74543952941895),190.03844675124952,0.38221464,123.5,8.232922
-9.71765041351318,33.3931312561035,12.162542998790745,POINT (33.3931312561035 -9.71765041351318),149.74274509803922,0.36029905,159.0,6.26907
-9.71450996398926,33.2912483215332,0.4659862220287325,POINT (33.2912483215332 -9.71450996398926),627.957324106113,1.0017388,291.0,5.3403277
-9.70057010650635,33.2391700744629,10.749526977539062,POINT (33.2391700744629 -9.70057010650635),362.8162245290273,0.5936948,313.5,4.815723
-9.69326019287109,33.2746200561523,9.7767550945282,POINT (33.2746200561523 -9.69326019287109),946.479046520569,1.2255788,291.0,5.143646
-9.69204998016357,33.2803802490234,2.0208797454834,POINT (33.2803802490234 -9.69204998016357),869.78,1.1434377,291.0,5.192592
-9.64535999298096,33.3201599121094,10.101797953248024,POINT (33.3201599121094 -9.64535999298096),100.08392156862745,0.37673676,151.75,5.422543
-9.63403987884521,33.534969329834,4.267370581626894,POINT (33.534969329834 -9.63403987884521),114.12,0.34949368,53.0,6.906133
-9.63212966918945,33.4132690429688,14.303734987974167,POINT (33.4132690429688 -9.63212966918945),95.63821607074202,0.36486706,39.0,6.1290255
-9.62981986999512,33.8105697631836,6.643375121057041,POINT (33.8105697631836 -9.62981986999512),131.21137254901961,0.39537975,146.5,7.361223
-9.59422016143799,33.3637504577637,5.362224554643033,POINT (33.3637504577637 -9.59422016143799),54.07411764705882,0.36873794,0.0,5.5641294
-9.54561042785645,33.286491394043,11.758061647415156,POINT (33.286491394043 -9.54561042785645),171.9294117647059,0.367982,0.0,4.6948004
-9.54006958007813,33.0501594543457,8.88199508190155,POINT (33.0501594543457 -9.54006958007813),21.06235294117647,0.3415715,123.0,2.7536337
-9.52412033081055,33.2785797119141,8.104608118534093,POINT (33.2785797119141 -9.52412033081055),199.11882352941177,0.35624373,0.0,4.507254
-9.51432037353516,33.2206001281738,3.447501339018347,POINT (33.2206001281738 -9.51432037353516),243.12392156862745,0.36675936,65.0,3.9863117
-9.51099014282227,33.1374816894531,11.820492215454582,POINT (33.1374816894531 -9.51099014282227),154.12956555171087,0.3761575,79.5,3.3012843
-9.39844036102295,33.0153388977051,8.899074457585808,POINT (33.0153388977051 -9.39844036102295),155.2722029988466,0.37293032,86.0,2.1347098
0.0,0.0,6.32729190753566,POINT (0 0),,,0.0,
